A bit belated, but i'm officially #Doctor today. #firstdocinthefamily #surprise #pharmd #Godbetheglory #thankstoeveryonesupport
Surprise yourself every day with your own courage. -Denholm Elliott
Light iz positive....no doubt in me mind. Sometimes a surprise iz needed to wake you up
The September show has been pushed to august 26th with Shelton Benjamin and Matt Sydal and a surprise return
There's always drama in surprise
Is it really a surprise that Harry has a song called Sweet Creature while my name is Chocolate Demon
Where is the surprise the Finucane's have been a republican and IRA supporting dynasty for over30 years. FGAU
#SweetCreature is everything I've ever wanted and more. Harry never fails to surprise me with his creativity and passion for what he does.
you would think not giving a platform to white supremacists would be the most basic thing ever, but these journalists surprise me.
Well it will be a huge surprise to everyone that I've broken my phone again
It's absolutely no surprise there were racist comments at Fenway last night. Let's not forget the Joel Ward and PK Subban incidents as well.
trying to surprise someone with @edsheeran tickets but they're so expensive):
surprise to you .... don't have to post it all on social media lol
Today is a repeat of 2013\/2014 &amp;2015\/2016 UCL finalists ATM has been the loosing side on both occasions Can they pull a surprise today??
My mug just made a surprise appearance on the Facebook Live. Blame @MarcIles
@VirginMediaIE thanks for the Netflix treat. Such a nice surprise!!!
Exams are making me feel like a kinder egg without the surprise!    :( :( :(
She's my cherry pie, cool drink of water such a sweet surprise, tastes so good make a grown man cry, sweet Cherry Pie
Willing to drink water. Then surprise surprise. I don't have drinking water. Typical.
A2: A memorable experience has a plot twist. You expect things to go one way, but it turns in the direction of surprise &amp; delight. #ICMIchat
Life takes us by surprise and orders us to move toward the unknown
Kawhi scored 21 points on 36% in a 30 point home playoff loss to a lower seed and no one is holding him accountable.. no surprise though
What surprise?
Exams are making me feel like a kinder egg without the surprise :(
@twhiddleston my daughter loves your work. I want to surprise her with a signed Frame. How do I get one? can I give you @myvitagene in exc.
Momma was going to surprise me with Trey Songz tickets for Saturday but too bad thats graduation day.
But for real I really am! Got the best surprise coming for my Mama.
putain ma mamaeeeee sa surprise putain des shoeeeesssss toute ma vie sa
may surprise mga mayor nila, ikaw mayor ko? any plans????????
OK\n2k RT's and I'll drop a new surprise for you all!!\nCome on lets make @BTS_twt TOP SOCIAL ARTIST at the #BBMAs #BTSBBMAs
seems like everyday I'm surprised by someone's most recent poor choices, when it really shouldn't surprise me anymore
Snaring an excellent full-back is difficult, so to see Walker linked with United, City and even Bayern Munich is no surprise.
Also happy for the 9 @TheTonyAwards nominations @DearEvanHansen racked up including the best surprise for @Mike_Faist! @Newsies forever!
I didn't realise I was so angry. SURPRISE!
On en parle du menu surprise des internes?
Surprise Yourself.
i'm going back to college after 2 months just for my maths lessons from tomorrow &amp; only one person knows i'm so ready to surprise everyone
Please never try to surprise me by taking me to a club.
Alright who wants to surprise me with tickets to see while she sleeps for their Glasgow show next week?
Don't try and guess what my reactions to situations will be. I'll surprise you every time.
They've done it before, to all our surprise.
Surprise: I'm actually a nice person lmao
@MMFlint Try writing a book titled \"DUMB ASS\" &amp; fill it with all the comments you have made in the past 40 years. Surprise, it won't sell...
Cuarenta y cuatro\nSurprise, surprise. I am voting for @BTS_twt for the top social Artist award \n #BTSBBMAs
doesn't ever surprise me when I'm about to leave in a couple days
Surprise, OPT application only stay in pending state for &lt; 60 days
Surprise! @flyvolaris flight is \"moved\" to tomorrow without notice or personnel here. @Expedia couldn't help. No point in using either...
Ha! I'll go surprise the people at the expedition site too!
Surprise at Big Country Athletic Hall of Fame reception
surprise graduation party
I'm voting for @justinbieber for the #BBAMs Top Social Artist Award #JustinBBMAs #justin  #JustinBBMAs #Beliebers But surprise
I wasn't good enough, no surprise there
Hank Jr is gonna be in New Orleans on May 28 if anyone wanted to surprise me with tickets?
Not much but today is going to be a great day because I am going to pick up a special gift surprise for Missfushi its a birthday gift &lt;3333
Obama getting 400k to give a Wall Street speech doesn't upset me or surprise me. Corporate Democrat.
MP CM Shivraj Chauhan holding Tiffin cabinet meeting is a novel surprise. Everyone shares home made food n not Samoosa @public money.
\"I'm Jack's complete lack of surprise.\"
I have amazing friends. God blessed me.Cant wait to be able to surprise them with nice things.
Hiteu Big, you better not surprise with a lustful comeback, I am voting for @BTS_twt for the Top social artist Award #BTSBBMAs
@LiamPayne im in the mood to preorder someones album surprise me liam
@altonbrown, no surprise that Chicago chefs have swept your chairman's challenge so far. #IronChefGauntlet
what if they're attending but they wanna keep it a surprise\n\nI vote for BTS @BTS_twt for Top Social Artist #BTSBBMAS
It may surprise you, Email Marketer, but I'm not interested in a talk on Psychiatric Bed Availability.
Not a big surprise =3\nMercy forever!
Kawhi scored 21 points on 36% in a 30 point home playoff loss to a lower seed and no one is holding him accountable.. no surprise though
okay lang yan, smile ka naman dyan wag umiyak di pa katapusan, ngayon ko lang to sasabihin sayooooo. Surprise! Ha-ha-ha-happy break up!!!!!
.@EdwardGLuce: Davos specializes in projecting future from recent past that took it by surprise;made brand of blow-dried conventional wisdom
Adam Jones saying what pretty much most people know about Boston.  No surprise here.
DD finally get their batting order right and are actually in with a chance to win with 5 overs remaining. Surprise surprise.
This may surprise some but we can be compassionate about accessible  health care AND think Trump is Putins cocksucker. Its not either or
Its okay. I can sleep at home after. But I'm afraid that I might lose it on our discussion time hahaha or worse if there's a surprise quiz
Wouldn't surprise me if the Caps still lost game 4 tbh lol
I need a good surprise
Caught me by surprise with that #darksiders3 announcement @THQNordic
If Eddie Murphy shows up to surprise people at the Haunted Mansion ride, will Security arrest him?
hmm new LR Brolly has been released on Global... Now the problem is I am out of stones to summon him... Hate the surprise banners
@Wale Surprise visit at Bowie State ?
@McFaul - every time you are on @MSNBC you have the same backdrop behind you.  You should surprise us with a different one.
The kardashians showed up naked to a fashion event... surprise surprise
I hope that for every cvldle on your cake you get a wonderful surprise.
@Harry_Styles you surprise us every fucking day. Song is so sweet, you really love the person you're singing about.
im downloading Eyes of Heaven but don't tell my brother it's a surprise
Hiteu Big, you better not surprise with a lustful comeback, I am voting for @BTS_twt for the Top social artist Award #BTSBBMAs
I made it to class. Surprise.
I was like you know what surprise me , so I said this thinking that he was gonna surprise me by taking me do something I like
Came to my mom mas house and to my surprise some bomb ass leftover carne con choke
SNSD agrees that Sunny is the person with the best surprise S-line.
\"And then there's the ending that you saw coming a mile away, and it somehow still takes you by surprise.\"
What a surprise! I got some unexpected Jasmine shows. For all who missed me, book your tickets for this Thur&amp;Fri 4-5 May #AladdinLondon
Came to my moms and to my surprise some leftover carne con chile. Fuck yess
Hiteu Big, you better not surprise with a lustful comeback, I am voting for @BTS_twt for the Top social artist Award #BTSBBMAs
Hiteu Big, you better not surprise with a lustful comeback, I am voting for @BTS_twt for the Top social artist Award #BTSBBMAs
Hiteu Big, you better not surprise with a lustful comeback, I am voting for @BTS_twt for the Top social artist Award #BTSBBMAs
Hiteu Big, you better not surprise with a lustful comeback, I am voting for @BTS_twt for the Top social artist Award #BTSBBMAs
It was irresponsible to try to surprise you like this.
What are your top tips for moving home? Surprise us with something new!
5\/8 #GH\nNelle gets a pleasant surprise; Franco doesn't show up to his date with Liz; Ava makes her wishes known
sad but not surprise
Fifty seven:\nI vote for @BTS_twt for #BTSBBMAs Top social artist award because Min Suga is swag and his tongue technology will surprise you
NEW: @cauetofficiel will be announcing an interview with Harry AND has a surprise for fans too!
I vote for @BTS_twt at Top Social Artist Award and #BTSBBMAs\n\nI told myself i should sleep already but SURPRISE i still tweeting like TT
Have also heard great things about @AllisonBJanney @SixDegreesBway so her exclusion was a surprise. Hope I get a chance to check it out.
I can't wait for the day I can check out my child from school and take him\/her on a surprise lunch date.
I wonder whats Cauet's surprise is
Isco makes to the starting XI, the only surprise. #UCL Semifinal\n#MadridDerby
Thank you to @QdobaBurlington for donating snacks to the Harrington School Teachers for #TeacherAppreciationWeek. What a nice surprise!
I've been tweeting all season about the only too black fans in Boston. This should come as no surprise.
yas est devenue une army but is anyone surprise
Thank you, @Moto_IND for this awesome surprise!!  I am a Shooter, just like MS Dhoni from #motoRPS! #differentsurprisesbetter
@ColliderVideo what if Jaegers from Pacific Rim make a surprise show up in the Godzilla vs King Kong movie? #collidermovietalk
There is no surprise more magical than the surprise of being loved; it is God's finger on man's shoulder.
surprise surprise boston RACISOX fans
NEW ||  @cauetofficiel will be announcing an interview with Harry AND has a surprise for fans too! \n\n#HarryStyles
WHAT KIND OF SURPRISE DOES HARRY HAVE FOR US NOW CAN HE CHILL
If your young and lazy a big surprise awaits you in the working world
So The Belko Experiment was a nice surprise oh my lord
Surprise Chad Abby doesn't tell you what everything anymore #Days
Oh, it's a letter from Mogrika, the most beautiful moogle in the world! What a pleasant surprise! Kupo!
just watching @KapilSharmaK9 SS 100 epi, n have this wish of a surprise @WhoSunilGrover back. Like i want my family back.\n#KapilSharmashow
Nice lil 'Surprise' on $RTTR #Patent news today. The flush to .68 ystrdy was the #TipOff. Funny how they flush JUST before News, eh what?
It will always surprise me how BTS is actually THIS FAMOUS like it's really mind blowing #BTSBBMAs
@THE_NS45 get your ass in here boy. We doing surprise.
@Harshfrevry1 Benefits during Jio Summer Surprise or Jio Dhan Dhana Dhan will be as per the terms of the plan of Rs 303(1\/2)
(Aaaand you know he's only done this so everyone gets in a paddy then he comes back with a 'surprise' Xmas special!)
@CaraTheobold Hi Cara! i'm trying to give my boyfriend a huge surprise he's a Tracer main and basically it would mean the world for him 1\/2
@CaraTheobold Hi Cara! i'm trying to give my boyfriend a huge surprise he's a Tracer main and basically it would mean the world for him 1\/2
Life can surprise you when it is least expected.  Kashy Keegan #kashykeegan
je commande des trucs sur internet j'oubli ce que c'est du coup j'ai trop l'impression que c'est une surprise
Girl on girl surprise show??
Wear that sanitized rain gear today, folks! It's #Kaijuesday, and we've got a snerfly giantess, and that means surprise sneeze showers!
my white ass took them by surprise, I died
Expect nothing and everything is a surprise!
@rgay My wife has a new feminist book club, your book is the first book, any chance you ever come to South Bend, I'd love to surprise her.
P5 Vocal Song Battle\n\nOP, Last Surprise, Life Will Change, Whims of Fate, Beneath the Mask, Rivers in the Desert, ED\n\nAvoid Spoilers\n\nGO
i vote @BTS_twt for #BTSBBMAs top social artist award \n\nMIN YOONGI AND HIS BIRTHDAY SURPRISE GIFTS
Waking up to a surprise final exam
so my mom comes pack everything in my room up while I'm sleeping in a BRA &amp; I wake up &amp; to my surprise I have no shirt so I'm stranded haha
CAN HARRY CHILL FOR A SEC AND NOT HIT US WITH A SURPRISE AFTER KILLING US ALL WITH SWEET CREATURE ???
I am voting for BTS for TOP SOCIAL ARTIST at the #BBMAs. RT to vote! #BTSBBMAs because they always surprise me with each comeback
Hiteu Big, you better not surprise with a lustful comeback, I am voting for @BTS_twt for the Top social artist Award #BTSBBMAs
sometimes I am surprise myself with my laziness at replying messages
#note7 and #gilette shaving foam can also explod n surprise you
I have read so many studies about things that grow hair on mice it would not surprise me if giraffe poop grew hair on them
Little surprise planned for derby training sessions this week too. Can't remember if any of them follow me over here... :D
I was prepares to confront the Surprise Attack Division.
Fake people don't surprise me anymore,loyal people do!
@falconbrewingco Surprise! Spring Surprise Pilsner is now on tap
@PotusaDJTRUMP surprised another Democrat critical of the president over the Philippines wow big surprise
Je me demande ce qu'est la 'surprise' de Cauet, des places en plus pour le concert d'Harry ?
COOOOOOLLLLLLLLLLLL The fact that he's been shit doesn't surprise me.
Thx to @JimWatsonOttawa and Council for the certificate congratulating WISE on our 25th Anniversary Year by mail today! Nice surprise!
Harry's surprise is scary I'm shitting myself
Lovely surprise visit from Jake Casey coming to coach our students on his layover. Thank you!!
Surprise, surprise. No mundanes allowed, just like in the training room, right? Wrong! I've seen every horror movie ever made.
Mary Kate and Ashley don't surprise me... they've been acting since birth...
@cauetofficiel surprise only if French fans or everyone?
Hiteu Big, you better not surprise with a lustful comeback, I am voting for @BTS_twt for the Top social artist Award #BTSBBMAs
I kinda want to surprise my brother when he goes to Vegas.
Me: trumps intelligence doesn't surprise me anymore \nMe the very next day: wow he said that?! \nThen it repeats
We both planned on me coming up to see him Memorial Day weekend. But then I \"canceled\" on him but in reality I was really gunna surprise him
Hiteu Big, you better not surprise with a lustful comeback, I am voting for @BTS_twt for the Top social artist Award #BTSBBMAs
Nothing sadder than a box of cake left on a train, @GNRailUK if you tell the driver of the 5:48 from Moorgate, they'll find a nice surprise!
Genre jsp un jeu a gratter : je perd ? Osef je my attendais.  Je gagne ? Cool une bonne surprise.
i'm jacks complete lack of surprise
Would not surprise me if niskene calls Sid at some point once series is over-
reply to this with a selfie for a surprise
@glennbeck pleading for signups to BlazeTV,still insists Trump &amp; Le Pen r facist dictators\nPpl prefer InfoWars free app, imagine my surprise
Black girls have hair uno, I don't know why it comes as a surprise to some people
Exciting surprise appearance by @RepJoeKennedy at #FERCTechCon - goes to bat for clean and customer friendly energy. @CLaFleurFERC
*proceeds to break in* *how else can you set up a surprise housewarming gift than by breaking and entering?*
the way a gangsta got u smiling caught u by surprise
The results may surprise you!
EightyThree. Please surprise me ARMYs, let's put a fight like yesterday \n\nI vote for @BTS_twt for the Top social artist Award #BTSBBMAs
Love planting bulbs in the fall. I always forget what I planted, so it's a fun surprise in the spring! #spring #daffodils #flowers #garden
My coworkers are really cute when they try to organize a surprise birthday dinner for me and keep it a surprise for 3.7 seconds.
But when I sent him my surprise flight schedule to go to OSU he sent me his surprise flight schedule to see me in cali
@DeclanMcKenna after watching and listening to your art, i showed up on twitter and was lowkey shocked at the memes. a pleasant surprise.
I'm surprise @garywdtea didn't knock Porsha out to put lotion on Joel on @DishNation. @Headkrack @FrankArmy
When you google 'dementia friendly banks' there's no mention of @Barclays no surprise there. They're probably more interested in football
Its like all of a sudden and then yeah bitch surprise. Individual albums of everyone
You just wait over here, Boulder. And not a word to Maud! This has to be a surprise housewarming gift.
Girls, girls, girls... Gotta surprise for you  all, hit the dm.
And we were going to surprise each other on the same weekend. Lol like imagine me showing up at OSU and he was in Cali
Jesus Christ just when you think the bot can't surprise you any further
if it's a surprise for only parisians i set myself on fire
How good if I have a surprise from @narendramodi garu on my Birthday \n4th M A Y\nM'odi ji\nA'mitshah ji\nY'ogi ji\nIt is going to be a rebirth.
kmrn grgr surprise-in temen jam 12 jd pulang agak pagi trs masa ada ya jam 2pagi nyapu halaman rumah pdhl lampu di teras aja gak dinyalain
Hiteu Big, you better not surprise with a lustful comeback, I am voting for @BTS_twt for the Top social artist Award #BTSBBMAs
It doesn't surprise me one bit that theyre all still teenie weenies or barely 20. Hypocritical bitches.
I value friends and family that surprise me out the blue to say they're just thinking of me. Not to ask for money or handouts.
G EU UN ANNIF SURPRISE!!!,!,!,!,!.!
There are very fews things that surprise me anymore
Ah I'm really happy the two of them still talk. I didn't think there was any animosity- it was a nice surprise
GOODNESS HARRY WE CAN'T HANDLE ANOTHER SURPRISE
I love that with America everyone was like AHHH ELECTION and in England we get hit with a surprise election and like, no one cares
You think you know people, and then they surprise you
Surprise friend I am here and I am the ultimate tool. Care to chat?
But I didn't\nSurprise bitch! B-
@TheHopJam any way i can send a query your way? Am trying to surprise my wife for her 30th bday. Would be much obliged for your help.
#TMITuesday spirit, ask a question about YOURSELF and I'll give you an answer that might surprise you. You won't believe what happens next!
Cauet qui doit annoncer une surprise demain pour les fans d'Harry ???? Je ????? Je vais encore mourir
Hmph. If you don't understand what that means, it's not likely to surprise you.
#dianeabbott is a liability so no surprise she has made a gaffe early in #ge17 campaign. But look how quickly MSM reported vs #juncker leak.
So my friends threw a surprise picnic for me and my flatmates bought me the cutest presents and basically today has been the best
People will surprise you
How r u gonna make this huge nice gesture and surprise someone with a gift but then when they want it suddenly it's technically yours cuz u
My dream is to have someone surprise me as Makoto while I'm in Arboreal Snake Izumi @ Colossal so we can take a few photos
Today my kid orchestrated his own pretend birthday party.  He insisted it should be a surprise party.  3 year olds are fun.
Seventy two\nHiteu Big, you better not surprise with a lustful comeback, I am voting for @BTS_twt for the Top Social Artist Award #btsbbmas
Also trying to rehearse for head's leaving concert when he keeps popping into rehearsals is NOT HELPFUL. It's a surprise. ARGH
@anamariecox It was glorious seeing you on @midnight last night!!! What a pleasant surprise :)
Literally every time my nephew comes over: HEY GUYS SURPRISE ITS ME!!!
Surprise ba ang tawag dun?\nJusme! \n\nMAYWARD GrowingInLove
Wouldn't surprise me to find out Goldsacs paid a nurse\/Doc to inform placebo patients they were on placebo. That's all it would've taken.
The @Spotify Discovery Weekly playlist is my relationship goal. We know a lot about each other but still manage to surprise me weekly &lt;3
Surprise yourself push a little further than you think you can go. #MOTIVATIONMONDAY #getmotivated #motivation
I love her with all my heart and I want to make her happy as much as I can &amp; it's a surprise it may arrive at her place in 2-3 days so
But we got into a mini argument ln about me not going up to see him and I felt bad so I sent him my surprise flight schedule
Hiteu Big, you better not surprise with a lustful comeback, I am voting for @BTS_twt for the Top social artist Award #BTSBBMAs
Just subscribed to @MysteryBoxME it's basically a way to surprise yourself every month with a box filled with geeky cool gifts. Can't wait!
I read that Savic has played right back before so not a huge surprise he moves out wide and Lucas slots in alongside Godin. #UCL
#evalC17 N Snow: If you want to know something, don't assume, try asking them. What a concept! The answers might surprise you.
As predicted Peter kay not doing series 3 Carshare, always ends series when people want more, doesn't surprise me at all
I'm so tired what a surprise
genre tu peux la prendre meme en surprise elle sera tjrs mignonne et super belle, y'a beaucoup d'injustices dans cette famille
its not surprise that, ben platt, the most talented man alive on this earth is nominated for a tony, but we still poppin bottles
ten things i hate about jew: number 8 will surprise you
John told me he had a surprise for me, then said to watch the Christmas party episode of the office when jim gets Pam a teapot, I'm confused
a surprise bevday party would be nice. X
but is it a real surprise that i look a lot like my mom
@emileriksson @IKEAsaudiarabia has not delivered my shipment since 2 weeks and a promise to call today...no surprise they did not call
Wilbur Ross: \"Missile strike \"afterdinnerentertainment\".  #Pathetic Taking military action as entertainment. ARGH Why does this surprise me?
lrt surprise surprise im a fIRE DRAGON (or fire rock tbh or fire ground i think)
Someone needs to surprise me and send me flowers
Guys hav dere reasons 4 givin their gf(s) tfare 2 com over,that's ow last year we heard tunde's gf paid a surprise visit &amp; met another girl
Oomf never fails to surprise me
Hiteu Big, you better not surprise with a lustful comeback, I am voting for @BTS_twt for the Top social artist Award #BTSBBMAs
I continue to surprise myself by how fast I can lock and unlock my bike.
dihari bersejarah dan lo kemudian dapet surprise gede-gedean, makin makin deh tuh ber-sejarhnya hari itu
Surprise new Nashville episode!
@AnnCoulter @DHSgov That will be a big surprise to Sen McCain. He thinks 2008 R nominee is 2017 Commander in Chief.
good morning i missed a surprise vlive im upset
Football and baseball are meant to be the sport of the working class. No surprise wrt all the racial abuse. Working class whites are horrid
qui c'est qui organise une surprise et qui l'a balance? c'est moiiii
surprise surprise my beautiful dress for tomorrow came and im too short for it :)
qui c'est qui organise une surprise et qui la balance? c'est moiiii
I'll be surprise if I make it to my 20s
@DarryWillis THANK YOU for the birthday goodies! I thought it was one of my 500 amazon orders for work, so a definite welcome surprise!
One of my favorite Chinese dishes is pepper steak, so ordering it isn't a surprise for me. But when I'm wearing a Cowboy Bebop t-shirt?
2nd ep of #MasterchefAU was so good!! And what the HELL is that pressure test dish?? You never fail to surprise me @masterchefau !!
nothing feels better than a surprise text from that person you miss.
i always wanted a surprise party but never got one \/:
THAT SURPRISE ELIMINATION I AM SHOOOOOOOOOK WOW
i forgot i have a spare since im done w bio until the exam week's over A pleasant surprise
Surprise surprise surprise....the most idiot team in this whole world wins the match today# IPL...
The sheer stupidity of people should not surprise me anymore, but yet........
Wouldn't surprise me if VE get DQ at this rate
Miracles can happen that will totally surprise
tranny surprise
2nd ep of #MasterChefAU was so good! And what the HELL is that pressure test dish?? You never fail to surprise me @masterchefau ! Never!
The premier's absence seems to have perhaps caught Opposition by surprise. Lots of these questions would have been for him. #peipoli
Heheh surprise
#MyBankAccountSays ..... SURPRISE !!!!
Think I'm going to surprise the wee one with a trip to the Shark Reef at Mandalay Bay today
surprise hoe\n\nu thought u had seen the last of me \n\nimma burn u
Considering @BBC turned a blind eye to Saville, does it really surprise anyone they are blatantly biased politically and give zero fucks?
this may come as a surprise to some of you, but i would die for jensen ackles.
I think Harry's surprise for us will be the sott music video hmm
@jiocare @reliancejio my number is 8318192894\ni recharged 99+303 for summer surprise offer.\nbut still i am not getting data speed benifit.
Had one of those days where I discovered a lovely bit of surprise news that has left me feeling rather happy.
Minhthy's mom is coming down next week as a surprise for her birthday &amp; I've been trying to give her subtle hints to clean her restroom
That surprise wedding better be positive. #BrillWedding soon. Writers keep them together forever! #;Brill #BoldandBeautiful
Surprise surprise surprise....the most idiotic team in universe wins a match today...@IPL #Delhidaredevils
Huge thanks for surprise book box @NlandSLS Had completely forgotten. And extra Wing Jones too!! My student hitlist is ready @kwebberwrites
That surprise wedding better be positive. #BrillWedding soon. Writers keep them together forever! #Brill #BoldandBeautiful
No winner's on this weeks score competition no surprise there then. Bottle opener up for grabs on Thursday.
Outstanding! Trump got money for replacement for a lot of the border wall with steel!!!!! Surprise! This is according to Secretary Mulvaneyn
\\m\/ #metalhead my wifeys are are taking me to a surprise concert at 8pm for my birthday! I'm so excited!!! @6Flame6Keeper6 @AceShadowdancer
A dragonfly wearing boxing gloves with a scorpion tail and a word bubble saying \"surprise, bitch\"
@NASHFM947NY I would love to surprise my mom with Tim &amp; Faith meet and greets on Thursday! Celebrating her 60th birthday! #NASHFM947
Hiteu Big, you better not surprise with a lustful comeback, I am voting for @BTS_twt for the Top social artist Award #BTSBBMAs
Top 3 for me is Life Will Change, Whims of Fate, Last Surprise\n\nAll are GREAT
i mean that's only the band he's been in for almost 7 years so no surprise. i'm okay with it though maybe they'll stop pretending to stan
OMB Mulvaney defending Trump's #shutdown tweets: It doesn't surprise me at all that his frustrations were manifested in that way
Every dude has waited in bed for the surprise box at least once, thinking they were ahead of the curve, only to hear shorty start snoring.
I always surprise myself by the way I can pick up on the smallest details and use them to accurately read people\/a situation
I just want my birthday festivities to be planned for me  surprise maybe
Search \"Do A Barrel Roll\" on Google = A nice surprise.
i always say \"this is the worst essay ive ever written\" but i always seem to surprise myself
#pressbriefing the OMB director is shocked that he has to work on his anniversary.surprise lots of us work on our anniversary AND Birthday
How i spend 24.99% of my time; putting together surprise egg toys
realmaximchiao: I continue to surprise myself by how fast I can lock and unlock my bike.
Atletico for the surprise win.
Watching @virginmedia knocking on doors, no surprise they skipped mine. Streets still full of crap #cleanuphyourmess
That surprise wedding better be positive. #BrillWedding soon. Writers keep them together forever! #Brill #BoldandBeautiful
Just played: First Class - Rainbow Kitten Surprise - Seven + Mary(Rainbow Kitten Surprise)
Just played: Cocaine Jesus - Rainbow Kitten Surprise - RKS(Rainbow Kitten Surprise)
SHOCKING: Would @AllimanFC eat sand over toothpaste? The answer may surprise you.\n\n@KMiltz7
See nobody cared I was gone, I came home, shit still don't feel real ! I know. Surprise !
TMI Tuesday...surprise me. One Condition this week, no questions about how big I can get or food.
The fact that he is even getting low sales don't surprise me .
@jiocare @reliancejio  why u people r making us fool. we r not getting summer surprise offer benifit after 17 days.....
ever just the same, ever a surprise
#MyBankAccountSays my account is low on funds and Bank of America thinks that news will surprise me.  BoA is mostly programmed by lizards.
I might even surprise myself
It is not the corruption that is a surprise but that people will still vote for such corruption is staggering. #torydirtymoney
Does it surprise you that harry and niall are releasing music so close to each other?\n\n#SweetCreature #SlowHands
kat called me at work and said she had a surprise. i'm terrified
#metalheads \\m\/ My wifeys are taking me to a surprise #concert for my birthday! I'm so excited! @AceShadowdancer @6Flame6Keeper6
solteira but not surprise
I love meeting people who surprise me. Not many like that anymore
i want a surprise :--((((
\"Circle, Triangle, Elephant!\nA book of shapes &amp; surprise s\" \nBy @kenjioikawa and Mayuko Takeuchi.
@MissLucyT08 thinks she can trick me into telling her the surprise you have sorted out for sat night @Stephanie_1123
IT'S NO SURPRISE TO ME, I AM MY OWN WORST ENEMY
Every time I go through my notes, a surprise. This morning, I discovered a draft about genetic translocation. Did I write that? I did.
My wifeys @AceShadowdancer &amp; @6Flame6Keeper6 are taking me to a surprise #concert at 8pm for my birthday! I'm so excited! \\m\/ \\m\/
WWNDTD - \"What Would Neil deGrasse Tyson Do?\" the answer may surprise you. it includes using science and being right
@WoodenPotatoes  Man, fuck that guy who leaked  (not you WP) - ruining a perfectly good surprise. :\/
family member: what are you doing with your life? me: it's a surprise
family member: what are you doing with your life? me: it's a surprise
Hiteu Big, you better not surprise with a lustful comeback, I am voting for @BTS_twt for the Top social artist Award #BTSBBMAs
The year 2017 is the year everyone decided to surprise the hell out of me
Who wants to hit the surprise park??
*Green's eyes fly open in surprise as the announcer's call first Blue then Red. A hand slaps to her forehead as the announcer calls her~
Getting closer and closer to revealing the BIG surprise!! I really can't wait! #QueryKombat
No surprise the @GOP Is crapping the bed in the House, it's incompetent leader @SpeakerRyan can't even get his wife to vote Republican.
Honestly my roommates are giving Felicity a hard time for almost killing this dude who turned out to be innocent but? Surprise bonches
@DavidDobrik you should surprise everyone with a baby goat
It's no big surprise that @POtuS holds native-american killer Andrew Jackson in such high esteem, is it?
note to self: don't plan surprises even five days in advance because you'll want to ruin the surprise every single day
-Mother's day surprise for Rachelle: get Queen tickets.\n-Gets text from Rachelle: \"I bought Queen tickets!\"\n-Back to the drawing board.
Ya know if a guy came into my life &amp; didn't actually fuck me over it would be a nice surprise x
When shit hit the fan don't be surprise you to loose at the mouth. Ppl forget this city small bruh!!!
EightyThree. Please surprise me ARMYs, let's put a fight like yesterday \n\nI vote for @BTS_twt for the Top social artist Award #BTSBBMAs
L vlog s'uploade, deux choses pour les Parisiens qui veulent pouvoir nous checker demain :\n\n1.\/ Pour les non Ululeurs, ce sera surprise :)
it's a great thing when you realize you still have the ability to surprise yourself
a bond with a person can end so quickly its surprise man.
category for her leading role in Hello Dolly! Surprise on Broadway as Natasha, Pierre and the Great Comet of 1812 picks up 12 nominations,
I reaaaalllly wanna learn how to play 2k17 .. so I can surprise Dorian with an ass whooping. He too cocky.
why does the fact that my friend witnessed a kidnapping in my neighbourhood not surprise me?
\"Just because it doesn't surprise us doesn't mean it's not important.\" \n\nEvergreen quote in Trump's America. \n\n@Morning_Joe
Oh look it's raining in England. What a surprise.
John Mayer is being retweeted into my timeline, and much to my surprise it's not because he's being a douche.
Women for Women interview with Hillary! Great! Dana on CNN 1st Woman to Bash Woman! What a surprise, that woman trashed Hillary! GTH
nadia was killed on erins birthday, the last thing nadia did was plan a surprise birthday for erin. stop .
Someome should surprise me with food!!!
these tech difficulties have been going on for so long,it's gotten to the point where it's no surprise if gray starts complaining about them
Dashwood, recollecting that some surprise her, after experiencing, as long attached to pass my feelings blameless.
I vote @BTS_twt for #BBMAs Top Social Artist Award #BTSBBMAs\nYoongi..what if we open his phone wallpaper to a Jhope photo? Not surprise tho
@iamrachael88 how did the surprise party go hun xx
Todax Is No ordinary in my life...it surely came with some surprise packages..i just wish all days will be like today!
Today Is No ordinary in my life...it surely came with some surprise packages..i just wish all days will be like today!
Today Is No ordinary day in my life...it surely came with some surprise packages..i just wish all days will be like today!
Not throwing Obama under the bus even when other Dems are hurrying to do so is also a pleasant surprise.
I really dont like two-faced people, and it should come   as no surprise how much i detest politics
It sucks that literally nothing even comes as a surprise to me anymore when it comes to friends being fake and liars.
'Taken by surprise, because i felt so secure.' - from \"You Leave Me Breathless\" JB
tfw you have to stop in the middle of your workday and have a surprise happy cry because Weight of the World came up on your playlist.
dIO have a surprise for u Joey Jojo...
Me: Why do you like #surprise egg @YouTube videos? \n\n3yo: I don't know \n\nMe: Oh, well that explains it \n\n#toddlers #ToddlerLife #nannylife
\"my thighs surprise a lot of people\" okay actually me yoo
Imagine Dragons surprise me everytime they are such an important and amazing band do people even cope without their music
I love how for a second after people surprise her, Irene is pissed off haha. She really kinda has a temper and its rly attractive to me TT
@AdamBuxton Hi Handsome man! Did Colin say anything about the surprise Radiohead sprang today? Cant wait to hear your ramble-chat with him!
Shameful Company - Rainbow Kitten Surprise
J vois arriver UNE surprise de l Atletico Madrid CE SOIR
Come on Misbah. I'm going to go make a sandwich. Don't surprise me with a quick 2 runs #PAKvWI
no surprise, turnip cakes don't freeze super well. Eh. Caramelize in enough butter and they're still all right.
Boston Red Sox fans hurling racist words? It's Boston. No surprise there.
What Google Shows You In Searches Will Surprise You!
I really dont like two-faced people, and it should come as no surprise that I detest politics
it would mean A LOT one of my best friends loves harry and im trying to surprise her
mdr g 3 de moyenne en all quelle surprise
200 person exam. Will lash last one out. Big surprise.
Zidane just can't surprise us once and start Morata vele? These are his games.
Surprise! Take this! WEAKNESS! Cat person?
#DDvSRH what a surprise win by @DelhiDaredevils shook and shocked everyone @SonySIX #IPL #10SaalAapkeNaam
It shouldn't come as a surprise that a historically racially divisive city like Boston would hurl racist comments at a black player. @MLB
I like the clicking of my heels but I lose the element of surprise which is a downside
Surprise! Kushner and @IvankaTrump won't pay for the trip to Whistler themselves. What a bunch of gold digging cunts. @realDonaldTrump
Randy Johnson of @SouthernCompany  talking about EV markets. The big surprise over last few years: China has overtaken US in sales. #NASEO
this one girl on below deck is a lesbian &amp; honestly the only thing better than gays are SURPRISE gays popping out of nowhere
I have a plan and I will stick to it.  After \"Just Be\" drops, I have a surprise collab project lined up, then the rain gets heavier.
you can tell by looking at my eyes right now.. that nothing comes as a surprise right now
Get you some friends that will surprise email you with a picture of a Labrador puppy and their notes when you've had a bad day
why doesn't surprise me that the ones who talk shit about noorhelm 24\/7 are evak stans
For my Abnormal Psych class I took an interactive self-test for ADHD. Surprise! According to the test I have ADHD! (I'm already diagnosed)
Trying to understanding the media's fascination with Brio magazine. Surprise! There's a huge subculture of Christian media out there!
* RT! RT! RT! * Who wants to WIN a SUPER DUPER SURPRISE package from @dustinpari? Cuz we are celebrating! RT this TWEET 4 your chance 2 WIN!
Abuse of advising day class cancellations comes as no surprise
Will surprise you with a gun in his mouth
Be thankful for all the considerate people you meet and let it not surprise all that you don't.
now, that was a nice surprise - Split from Shyamalan is actually pretty good. and McAvoy is fantastic.
@TimLanning @JenniferCheek Thanks for adding the AG cast to the Cast of Thrones feed - a fun surprise at the gym today!
@POTUS  I have an idea. Call for a straight up vote on full repeal of ACA. Get all on record. Let the chips fall where they may. Surprise!
Prepare yourself for the days of greatness,  don't be caught by surprise you will be a subject of mockery. #Get_Wisdom
I have yet to figure out how to take part in the gamification here. I must not be tech savvy enough. No surprise. #JiveWorld17
me tomaron una foto y salgo fea y obesa what a surprise
what an pleasant surprise
Everyone needs to be on alert of a surprise message from me complaining
Ensuite elle sera surprise par rapport a quoi elle s'attendait, ca aura une influence sur la note.
Thank you, @Moto_IND for this awesome surprise!!  I am a Shooter, just like Ashok Dinda from #motoRPS! #differentsurprisesbetter
@agenlgar salut pour la surprise pour ma classe tu pourrais me repondre en disant #2EVS merci agentgb
They're talking about how awkward it would be if there was a gay guy in the locker room rn\n.\n.\n.\nThere in for a surprise
Am expecting a surprise in this evening champions league #RealMadridAtleti. @AntoGriezmann Do it for me
SURPRISE. Clinton Emails Released . And They are rooting for down ballot support.
Surprise surprise back in bed in my pjs binge watching @alexandraairene  on YouTube. #addicted
Was gonna flake on the gym cause I had a surprise visit from Mother Nature and all the fun that brings
Thank you, @Moto_IND for this awesome surprise!!  I am a Charger, just like Imran Tahir from #motoRPS! #differentsurprisesbetter
Surprise birthday meal with gang! Solid effort from my housemates @GemmaChilton @KeziahSummers @Danni_horton_1 &lt;3
Just arranged a surprise for our 1. wedding anniversary.\n\nI'm soooo thrilled.
Grew up going to Fenway.  Can't say I ever heard the kind of thing Jones describes.\n\nCan't say it'd surprise me if it happens often, either.
les gendarmes ils ont trop squat mon anniv surprise j'les connais meme pas
I tried to surprise my mom for Mother's Day by telling her I can't come home at the end of the month by she bought me a plane ticket anyway.
Gove doubling down on total rubbish is not a surprise. He'll be writing strong stable claptrap on the side of a bus next #C4News
Does it surprise anyone when recruiter emails include a typo in the phrase \"move fast\"?
the conspiracy theorist within me is worried antis are plotting to surprise us w the facebook voting lol\n\ni vote @BTS_twt for #BTSBBMAs
I remember doing a radio interview where the surprise opening question was 'what is your fav TV show?'. I wanted to stand out. Remembered.
Jadie and I have a big surprise for y'all soon
You think after living in Austin for almost two years, nothing would surprise me anymore, but here I am, watching a man ride a 8ft tricycle
Pleasant surprise.  Contacted out of the blue for a new job.  Thanks, but I'm good.
Great point from @StuartRance and @jimbofin - measure people's perceptions of your experimentation. It might surprise you! @bcssmsg #bcssmsg
@Meemaw2Waylon mam\nI m surprise\nWhy facbook followed u\nU r not a celebrity\nU haven't million of followers\nThen why?\nPlz don't mind\n#surprise
The limitations you have in life do not surprise God. God is limitless and can use you to show how great He truly is! #NoLimitationsWithGod
Hiteu Big, you better not surprise with a lustful comeback, I am voting for @BTS_twt for the Top social artist Award #BTSBBMAs\n\nHobi love u
This Valentine is seriously in shock... He doesn't know what to do about this unwelcome surprise #Uyangthandana
That Turkish dish looks fab but very rich for a starter. Always love surprise of a runny egg #greatbritishmenu @BBCTwo
No surprise Madrid like Woodburn, Brannagan, and Gomez.
honestly girls are such powerful ethereal stunning beings it doesn't surprise me at all that weak men try so hard to keep us down
although sometimes the CW decides to take surprise hiatus
Sources tell me that Tufts QB Alex Snyder will take part in the Bucs &amp; Redskins rookie mini-camp. Snyder (6-4, 226) big arm, could surprise.
Bought a plane ticket to surprise my mom for Mother's Day. I previously told her I \"couldn't make it\" but she bought a plane ticket anyway.
Dennison's mistake, she felt as much stronger, and they were going away, and the smallest surprise or any amends for Sir
Life is absurd \nThe Cross is absurd \n\nI'm embracing absurdity \n\nHow is God going to surprise me today #jester
Surprise end to the White House briefing today!
Tomorrow, I'll be doing live-tweets of Guardians of the Galaxy and one other surprise film.
@BPBAA What's wrong? My story doesn't fit your rhetoric? Ban me on Facebook? Surprise motherfucker. Pit bulls are not dangerous.
Mr. Willoughby's constancy, could command herself the indulgence of surprise.
Surprise party for Maa and Papao n their 27th marriage Anniversary ...
i added the lyrics to last surprise on that slide and i just hope my groupmate notices it (it's in their scope for our presentation)
Understanding that Life can never surprise you! #Trustyourself #BetOnyourself
Just leaving \"On Route\". It's raining! What a surprise!
Finding out u actually have been lurking around Vinesauce since like late 2013 earlt 2014 is a real fucking surprise to me what the fuck
Alright guys, due to some computer issues, I won't be uploading the new Invasion video today. I do however have a surprise for you tonight!
So I can survive @ColourPopCo's first surprise cause I'm international lol let's see how long I can survive these surprises
mais um vacilo anotado para o desappointed but no surprise de cada dia
Les medsages Comme \" Jai une surprise pour toi \" ca mets le sourire en 1 sec
I feel like a pro, and surprise yourself by getting half right
Surprise! I met with the Russians. (Is a surprise different than a secret?)
Thank you for the bis surprise. Tenz Allah
When the people at mcdonalds fill my fries so high some fall to the bottom of the bag and it's like a little surprise for me
: fake people don't surprise me anymore, loyal people do\n\n#Justin4VMMA @justinbieber
SURPRISE. Clinton and vote in solid ;\nDJT is the fold. Hell no!
Surprise show in Miami !\n#Eldorado #NewAlbum\n\n#Tulima
I love hanging out with people in their mid-late 30s and then telling them how old I am and seeing their surprise.
I'm still surprise that bts is doing 13 shows in Japan and will be staying there for 2 months wow I'm on a whole new level of jealousy
Tonight I was the recipient of my first ever surprise party courtesy of @heimpz. I am such a lucky dude. Thank you!
surprise surprise, I miss my dad.\nSix years and a million heart breaks later, I hope you're proud and I love you more than anything.
I need a nigga that plans surprise getaways &amp; spontaneous dates
@LiquidStranger would love to chat after your set if possible. You signed my iPod earlier. Best surprise ever hahaha
niggas dont surprise me no more @ this point
fake people don't even surprise me anymore, loyal people do.
who wins the Palme d'Or tomorrow?\n\nwill haneke three-peat? will lanthimos or safdie bros surprise?please reply in the comment section below
Falling in love is not planned in a life, because it is a surprise from God.
It's no surprise I won't be here tomorrow, can't believe that I stayed 'til today.
Once in a lifetime someone comes in your life so unexpectedly and makes them your everything by surprise and changes your life forever
You think you know people, and then they surprise you.
[All shout.] Surprise!
Have you heard the song 'Smiles No Surprise'?
Oh. Surprise!
Wht don't we thrown a surprise party for him?
[Michael points to Meredith.] It's surprise, Meredith!
David's surprise visits are so cute , I love him
The only good writer was a dead writer. Then he couldn't surprise anyone any more, couldn't hurt anyone any more.  John Steinbeck
SURPRISE: \"The Howa notes instruct Maine to sing the praises of the Guptas\"
You took me by surprise
Have you heard the news? Jiho won the singing contest.\nReally? That's great.\nHe's on cloud nine.\nWhy don't we thrown a surprise party for hi
Wow s\/o to my best friend for the amazing surprise party.
Watch Rich Chigga and Pharrell Surprise Tyler, The Creator With a Phone Call
Nothing really comes as a surprise anymore.
why do people always call me pale like it's a surprise, baby I was born dis way
et john connor les attrapents par surprise
Cycling though London at 5.45am on a Sunday morning is a strangely quiet, vomit-slicked safari of regret and surprise.
Oooooooo wonder if Adam went to Mel B surprise party?!!!!!
sarke is defeated by surprise attack bgly possum. sarke is dead game over
What a beautiful surprise.
Man my next girl. I'm just surprise her with random shit like baby let's match today. Then go take pics and take her out to eat.
wow what a surprise CIA cheerleaders are fans of throwing people in jail on pretext
I know it will come as a surprise to most of you but we haven't watched any TV since Tuesday.
Fake people don't surprise me anymore, loyal people do
Element of surprise if tgas underdogn tgen hell yea lol
That viral video of the lady being ugly in Wal-Mart was no surprise to me because of the part of town. Northwest Arkansas got issues.
Donald Trump Suddenly Cancels Surprise Rally in Iowa
I wasn't built to be held back. I surprise myself sometimes. Sweat today llins, live the PJay kinda life forever.  I gotta put in the work
TYLER SOUNDS SO GOOD NO SURPRISE
The cash backs were a big surprise while booking hotels and flight tickets, Best holiday ever \n#SBICardSummerTales @SBICard_C
There was sudden booty eating in this fic so I played last surprise but then got simultaneously embarrassed and amused and had to leave.
sana nandyan si karel tas surprise ganern
WAY TOO SOFT TO CASUALLY DATE LIKE I WANNA COOK U DINNER &amp; TAKE ROAD TRIPS &amp; SURPRISE U W\/ UR FAVORITE THINGS NOT WAIT HOURS FOR A TEXT BACK
loyal people surprise me
I loved being surprised. But all i want is you to be the surprise... Because I freaking miss you!
Surprise sex in the morning is the best... unless you're in prison.
Mourinho: \"I will not talk about players from other clubs, but what I will say, is that my list has a very good surprise.\"\n#Mufc #Rumors
Wierd\nTories call surprise, snap election\nLabour ready and prepared\nTories not ready and completely unprepared
This storm hit us by surprise. I knew it was going to rain, but not storm. #BeSafeMemphis #memstorm
We have to change plan for Tom's surprise party.
I hope I wake up to a surprise tomorrow and a good one at that
hi sana ivideocall nila si yixing while having a press con or much better if he'll surprise everyone by goong back to kr
Jimmy gets kicked out every time NOT A SURPRISE SMH
[ In a surprise twist of events, I'm still alive!! Just investing a majority of my time into Fallout 4 ]
We have to change our plan for Tom's surprise party.
SURPRISE!
My God dad drove down from Chicago to surprise us
Updated log, worked Chip K7JA (&amp; a few others) on last SO-50 pass. Nice surprise when he called me on that pass.
Fake people don't surprise me anymore, loyal people do
Got a big surprise tonight, saw the ghost in flesh
nat's utter surprise that docington was one of rvb's most popular ships but god it was so popular
Had a great surprise wen I booked ticket to Dubai, enjoyed amazing discounts &amp; cashback too #SBICardSummerTales  Thanks to @SBICard_Connect
Cashbacks on my flight trip to Mumbai was an ideal surprise for me ! All thanks to @SBICard_Connect \n\n#SBICardSummerTales
nudes are the best when sent as a surprise. it's like a gift.
He never felt care or received consideration from his own mother so it was no surprise to see him express that he felt nobody cared...
When @illyal shows up during a @pekingduk set at big pineapple, nearly died out of excitement. BEST SURPRISE EVER
The moments of happiness we enjoy take us by surprise\n\nKISSES ASAPSilverSaya
My sist : Whatcha doin?\nAh this golden snail failed to surprise the farmer, right?
Let's give the Air Force a six week intensive course in bad language and see what happens! Bam - the element of surprise!
Edward, and hope and her dress was the letters himself out to touch that he says, would not striking; and surprise.
West Ham United plot surprise move for Barkley
As I said, sustainable flow and safety is better for me. Fame, dance, sing and interpret, comes or not as a surprise.
Anyway, then they in the valley and Scar all like you need to practice your roar. Then he like the surprise to die for.
Waiting for surprise unexpected from exo in #EXOrDIUMdotinSeoulDay2 \nDont forget to vote exo in #EXOforVMAs  #DafBama2017_EXO
The only surprise I want are gifts
Surprise Bro! Hehe  #heroseorangcinderella
REMEMBER WHEN THE MEMBERS SAID THEY DIDNT GET EACH OTHER GIFTS OR RLLY CARE ABOUT THEIR BIRTHDAYS UNTIL JIMIN STARTED GIVING SURPRISE GIFTS
Surprise surprise Eclipse can actually play train but damn both teams are sloppy.
SOMEONE SURPRISE ME WITH NUDES PLEASE
Only really got back into watching Pro Wrestling recently but it wouldn't surprise me if Extreme Rules provided a Heel Turn for Bayley. #WWE
Like a surprise party where everyone's booked weeks in advance.
The cash backs were a big surprise while\nbooking hotels and flight tickets, Best holiday\never #SBICardSummerTales @SBICard_Connect
If you trynna talk to me, be at my house or knock and go in. Surprise my ass. Other than that don't even bother trying to call or text me.
big surprise while\nbooking hotels and flight tickets, Best holiday ever #SBICardSummerTales @SBICard_Connect
Disappointed but not surprise
Happy surprise! David Bowie is in #twinpeaks I couldn't love this anymore.
Someone wanna surprise me with 1,000 dollars and a trip to Italy?
You'd be surprise at who really are lesbians but too scared to say something
I'm hoping Kunyuma makes a surprise appearance. He seems to be wandering a bit, so you never know. #SafariLive
4 eps left for #Mantoman. And it still surprised me till the end. Can't wait for another surprise!
Just 'Cause you say love me'\nDoesn't mean that I'm\nGonna look you in the eyes\nPretend to be surprise \nAnd say 'I love you' back
So it turns out Jared Kushner is a total piece of shit.  I am Jack's complete lack of surprise.
Mannnn Erooooo Manga senseiii!!! You took me by surprise and I will let you keep pulling me &gt;: 33333\n#anime
Whole month Lily and I taking Ls, nothing could surprise me again nuh
I dont really like your surprise btw. Nanti ade bini lain kira surprise jugak lah ye?
surprise I'm an altfurry uhih *instantly loses followers probably*
This reminds me how last year on Jin's birthday, there's no surprise party for him video from the members nor BTS Bomb. Maybe that's why..
I wouldn't know the first thing about how to get Last Surprise unstuck from my head but buying the song was probably the wrong answer
I wouldn't know the first jawn about how to get Last Surprise unstuck from my head but buying the song was probably the wrong answer
Waktu itu dia ngerjain aku, buat surprise gitu, tapi sayangnya aku udah tau duluan, cuma aku pura-pura gatau, kasian nanti kalau gagal
Never tell people how to do things. Tell them what to do and they will surprise you with their ingenuity. George Patton
Mums being an asshole today wow surprise!!
Wow people really surprise you sometimes
Ah, it's tea time already. I always think of you but at this time, I'm reminded of you even more. What should I surprise you with this time?
I mean, for example, mass stabbing of people in an elderly care centre or downtown areas. That's quite a surprise.
g envie dpartir en belgique pr faire une surprise a rapha et lui offrir enfin son ptn d'ours en peluche
If you ever want to see me cry, just surprise me with flowers
\"You have to do the opposite of what people expect. How else will you surprise them? That's my motto.\" #YuriOnIce
The Keepers. More Catholic monsters. Surprise!!!
The moments of happiness we enjoy take us by surprise. It is not that we seize them, but that they seize us MIHO SlaysASAPStage
Surprise motherfucker, all rise motherfucker, some beats motherfucker
It'll never surprise me how white men try to undermine Michelle Obama and her Ivy Leauge education\/resume but put 45's wife on a pedestal.
#EXOforVMAs #EXOinMTVVMAS2017  @MTV @vmas @MikeAdamOnAir Invite #EXO BIG Surprise
Of course they were loud and improper and foul mouthed for days. \n\nWithout surprise, they were my favourite people.
I'm not surprise lulu likes kpop lol she listens to anything
It's no surprise Jose likes experience players, hens signing Perisic, top player imo, a proper winger, and for the price, no brainer.
Yesterday ! Nini do sese part at overdose choreo ! I have a feeling that today sese will do his part and he will make a surprise gift for us
Be prepared for a surprise darl...huhuhu...
I'm not surprise lulu likes kpop lol she listens to everything
Thank you, @Moto_IND for this awesome surprise!!  I am a Performer, just like Steve Smith from #motoRPS! #differentsurprisesbetter
aha what a surprise
Aquele famoso ditado... Disappointed but not surprise...
Oouu my lil brothers face when his birthday get here. Cant make it. :\/ but im sure he will enjoy his surprise. Up latenight shopping.
your wcw loves belting song lyrics in the car, looking at stars and going on random adventures, surprise it's me i'm your wcw
i want v to throw a surprise party for jk
@TommyKelly44 what a surprise another white person on the radio mad at a black athlete for not going to voluntary OTAs man gtfo
Chris Brown- Surprise you @barneysbeanery
Disappointed but not surprise
HEY! Can anyone recommend some good fanfics? Smut, fluff, I don't care, surprise me.
Fucking called it that Buu was gonna get fat again.\n\nSurprise surprise.
London. You saw and Colonel Brandon, who had abundantly earned the smallest surprise of the morning.
disappointed but not surprise
@Big_JoeyD BTW, I have an A in my psychology class, not quite as good in the computer class, but not a surprise there, lol
Surprise de merde
15. There are times na I feel worthless at all pero you never fail to surprise me at all. I was just in awe na wow...di ko to ine-expect.
Feeling daw nila HS pa ako na fragile at mahiyain\nUhm ma at pa ganun pa rin ako hahahahahahahaha surprise!
Happy birthday mom..  Na epic fail man ang ako surprise mangaon nalng ta.  Bwahhahahaha unja na ang cake inig uli..
Woke up 2 a great surprise &gt;&gt;&gt;&gt;&gt;&gt;
Greece's 12 p -&gt; CyprusCyprus' 12 p -&gt; CyprusCyprus' 12 p -&gt; Greecewow, what a surprise.
\/\/not safe for Ramadan \n\nI made the best omelette over, i stg sometimes i surprise myself
I'm highkey waiting for the\n \"IT'S 28TH SURPRISE M*THERF*CKERS\"
They've returned. Now how should I surprise them?
@OTownOfficial @JacobUnderwood7 @Trevor_Penick @danmillerotown @iamerikestrada What a great surprise to see perform tonight at #NKOTBAnaheim
nialls music is average i really hope there's songs on his album that'll surprise me
Surprise surprise life is meaningless
The person who killed those two Muslims is just whacko and has a criminal history, no surprise!!
#DavidNdiiexposed guys, Ndii works for the opposition. His writings shouldn't surprise anyone.
Surprise
It might surprise your simple mind to know that there are more than 2 beautiful Black women, and my friend is one of many. Stop it.
3rd weeknd concert and 3rd concert ive seen drake as a surprise guest
Receiving a sudden \"pangamusta\" from an old acquaintance I haven't talked to in years is a pleasant surprise. It's strangely empowering.
Surprise there is no 5* there is only parfait Adonis.
o famoso disappointed but not surprise
Doesn't even surprise me anymore
Happy Birthday Pastor. :) Yiiipiii saya ng surprise BF hahaha...
Her carefulness in spite of the offer some share in town, Sir John, \"that admiration of surprise at the kind wishes than
@NathanNeves16 you are absolutely nuts. christians never surprise me lmao
Got a surprise for the stream tomorrow so y'all get ready!!! @BlkFrankWhite1 @xRampagex760 @Mr_its_2_Easy @bushinspector69 @Captain_KNun
So fucking surprise for feelings and moments,
