And the parents being there had no interest in what they were seeing, probably brought a book to read
DA MP confronts Min Brown with conflict of interest in the processes around legal advice sought at Eskom at #BrianMolefe committee.
\"We trained up a young person, local to the area, who had an interest in music\" - Maria @EDCreates on their work in East Durham #YMgathering
After new CB directive 3 months deposit interest rate 10.5% p.a. while credit card interest 29.88% p.a.  Egypt is a banking heaven!
and that's where my interest in linguistics started bc the way he analysed texts was so unique and he was extremely intelligent and fun
Some people are only interested in your pain if they had a prior interest in you. Luckily, I am not one of those people.
This kind of thing is not in the public good or the public interest, it is an invasion into people's lives at a horrific time.
what a fucking tragedy, a twitter account with 0 interest in me or my content blocked me. what evvvver willlll i dooooooooooooooooooo
17-Have represented Trump &amp; company on many occasions as his legal counsel. Clearly a conflict of interest...
Lossing interest in people became a hobby
The right choice for you will almost never be in the best interest for someone else
#NowPlaying Rahim SCR23 - Unknown - Web radio launched in interest of Tree Plantations. Plant Trees &amp; Raise PerCapita Income.
-1- Kinda torn on my choices on what to do. Two things I have an interest in pursuing that are unprofessional yet conflict.
#SOP lots of interest and some big buys today, guessing there must be a overhang but it will not last long with this interest.
#BrianMolefe #eNCA CDH is a client of Eskom. Eskom ask them to investigate Eskom. Direct conflict of interest.
setiap kali anak buah aku ponteng puasa, dividen untuk duit raya akan di tolak 1.25%. klau rajin pi tarawih, aku bagi interest 1% .
Lost interest in u so get lost
@VenturefestScot other than registering an interest in attending is it possible to actually register yet?
If you don't have a mentor, Twitter and YouTube are a great substitute. Learn from the best in your area of interest!
If US banks are supposed to become more profitable as net interest margins rise, why won't they compete away each others profits?
Trump acts only in self-interest. He's establishing a kleptocratic administration so he can emerge richer than ever.
We have received your resume and want to thank you for your interest in Requisition #2763205.\n\nA recruiter will review your qualifications.
The best feeling is having someone show genuine interest in your child.
I don't trust easily, I feel like everyone has hidden agendas or doesn't have my best interest in heart.
After new CB directive 3 months deposit interest rate 10.5% p.a. while credit card interest 29.88% p.a.  Egypt is a banking heaven!
If US banks are supposed to become more profitable as net interest margins rise, why won't they just compete away all the excess profits?
Create an eye;catzhin|btitle to create more interest and help SEO
#FCTwente midfielder Mateusz #Klich is attracting interest from Championship side Leeds United (Voetbal International)
I have a strong interest in outer space as a human being's place of migration.
@sofi76 If I took your word at face value, you'd receive no interest from me
Out of interest, which do you prefer when it comes to studying in Fountains?
So I tell dude yeah I'm in love  and that I didn't have interest and he doesn't even apologize and just stands next to jeep for  rest of 10
Tbh i lose interest in my training alr
Once i lose interest aint no coming back
Kleptocracy alert: Trump's placing his and his family's financial interest ahead of the country's.
We're at the NEC in Birmingham, @edie live event, lots of interest in practical #datacentre training centre, come and join us for a coffee
FED Yellen tap dancing on the dime is unnerving WallSt! Raise interest incrementally! JUST DO IT!May 23, 2017 at 07:01AM
I'm sick of talking about attendance. It isn't a lack of passion or interest. Bars\/restaurants are packed all over the city, people care.
TO POLISH THE GLOBES of gas, or in the interest of minorities.
Hai sir good evening  my name Ramesh I interest in politics.
Then stand the nut on end, and in the interest of minorities.
#NowPlaying SCR3 - SHAMEEM - Web radio launched in interest of Tree Plantations. Plant Trees &amp; Raise PerCapita Income.
Authorities know the Manchester bombers which suggests he was a person of interest. It's time to invoke emergency powers and round them up.
Suddenly have a huge interest in peachy makeup. Hmmmn
I cannot see what public interest is served by showing images of the crowd reaction inside the Arena after the explosion.
Form an interest group about #SOCIALMEDIAMARKETING, @KimReynolds @BecksUnderwear @CreatinMarComms
@CloudRank @ARMYMILA1 you share a similar interest about #AI
Kleptocracy alert: Trump's placing his and his family's financial interest ahead of the country's.
Terrorism isn't bullying. Governments shouldn't just \"pretend everything is okay\" in hopes of baddies losing interest in bombing.
The only way a woman can ever reform a man is by boring him so completely that he loses all possible interest in life. #aphorism
Trump acts only in self-interest. He's establishing a kleptocratic administration so he can emerge richer than ever.
#RSMPsychotropics Only 12% had best interest meeting re prescribing
Have absolutely no interest in what politicians have to say on terror attacks. It's like a copy\/past excercise but with new names inserted
@LBC can we politely suggest that in the public interest, one of your presenters is suspended for grossly offensive incendiary comments.
What Are Your Greatest Interest In Our Summer Forecast (See It Tonight at 9pm) @NicoleKarkic @SBradburyTV @RachelSchoutsen @EmilyTWN
#SCEEPLAGOS when you don't partake in decision process your interest will not be taken care of @IPCng @Sanmifalobi
Speak sokner to a sweet spot of shared interest eo cultivate a meaningful connection, the first step to creating something greater
lol seryoso ba 2017 na pero kfans\/ifans are still disappointed on dating rumors\/news they'd lose interest on these human beings lol
#BrianMolefe Gordhan now deals with the public interest - up next is EFF's Shivambu.\nMV
#BrianMolefe Gordhan now deals with the public interest - up next is EFF's Shivambu.\nMV
lol what is drop the bank interest then psycho me to get an endowment plan instead
We simply have no interest as a nation in criminalising scoundrels as soon as they are dealing in billion euro amounts.
I swear I'm the only person who has my best interest at heart.
When people mistake you taking a genuine interest in them as small talk, you know they have some serious communication and trust issues.
MSEauthority represents more the interest of government than regulation and development of MSEs @kot @IndustryKE @UKenyatta
Should be going back to sleep soon as well.\r\rAgainst Tsukishima's best interest, she is staying up.
Thinking of being a makeup artist or cosmetic surgeon. No real interest in either field. Just want to raise some eyebrows.
But I genuinely just opened up and told them about my depression and lack of interest and they were really nice about it
Who uses a bank to save money? \n\nAre you happy with the interest rate?
Will Handel have window or aisle seat flying  to D.C. today to collect $ from D.C. special interest groups? #ossoff #VoteYourOsoff #GA06
We simply have no interest, as a nation, in criminalising wealthy scoundrels.
Where you currently are vs where you say you want to go.\n\nProgress is what keeps interest, what are you doing for it? How you gonna keep it?
Education needs to be repackaged and repackaged into many different ways to allow every child's interest to grow. @CapriceTV #JamAtGEM
This one line item, with its massive unspecified cuts, is 40% of Budget's deficit reduction prior to interest &amp; \"growth effects\" 6\/8
It's insane. That I lived in the hood my wholeeeee life and never ever had an interest in sneakers
#NowPlaying Rahim SCR28 - Unknown - Web radio launched in interest of Tree Plantations. Plant Trees &amp; Raise PerCapita Income.
The one's you want are unavailable, the ones who want you don't interest you. \nCircle of #relationships
@PostMalone You interested in aliens? Let me fill you in, been my interest for over 8 years. Any questions, I'll answer them. h3h3 fan
Seriously?downgrade other just bcus they hv diff interest that shouldn't concern u is just another pov?u can worded it better than-
When Tomoe took an interest in Yukiji for the first time, it was actually Nanami who was in Yukiji's body.
An investment in knowledge always pays the best interest. - Benjamin Franklin
will be on @CapricornFM breakfast show 7H42 with @Mpho_Mashita &amp; @DjComplexion #consumer inflation #interest rate announcement #Kasi brands
I have this bad habit of buying books that interest me, yet doesn't have much time to read.
whereas interest on Rs-5000\/-.per anum will be Rs-200-250 approximately only.
as much as I love Dragon's Dogma (beat 3 times, 200+ hours), I've got no interest in the PS4\/Xbone port. GIVE ME A SEQUEL ALREADY
@Nick28T  #FCTwente midfielder Mateusz #Klich is attracting interest from Championship side Leeds United (Voetbal International)
You guys have any interest in polyamory? I have $56.
These \"people\" aren't human and anyone found with even an interest in terrorist activity and endangering lives should be dealt with
You know, you're a puzzle, that I have no interest in solving\n\n-Sophie, Two Broke Girls
1st session @londonwinefair - chasing the premium. What's value of expensive wines? Supermarkets it's getting interest in low end to move up
(2\/2) They are thugs who fight for their self-interest using the name of religion. Pray for the safety of our fellow Filipinos in Marawi!
An individual who says \"F*** me\", isn't actually expressing an interest in performing the act. (Who knew?)
Im Taking a break from Stre.am Or leaving It I lost interest \nPlus its just Not the same Any more
it's in everyone's best interest and safety that ariana cancels the rest of this tour, at least European leg
Okay, TBF, I don't exactly push my commissions so I can't say I have ample data but the lack of interest makes me feel I overpriced.
Abasheli bayabhora yaz. Especially if you zero interest in them or what they have to say
Elinor--she was to interest of every point coincide with an opportunity for the future, as every body
Key is to keep interest
Active Fixed Income Could Be Useful in Rising Interest Rate Environment
#MySachin i am ur fan @sachin_rt bt nt gonna buy ur Performance in RajyaSabha. U dnt hv any Interest in attending thn Resign #ShameonSachin
#NowPlaying Rahim SCR30 - Unknown - Web radio launched in interest of Tree Plantations. Plant Trees &amp; Raise PerCapita Income.
We do discovered each other over sushi and a stimulating conversation over items of mutual interest. Love ya girl!
Productivity is a result of genuine interest in what you're doing.\n-Charles Odenigbo\n#SigmaHRConference
@MikeAndMike Do you think if there were more regular season ties in more american sports that soccer interest will boost even more in USA?
In surprise move, Egypt central bank hikes key interest rates
Hi @ellenRstewart did you get my email about my HUGE interest in freelance social media shifts over the election?
I'llspare no effort toplay thesettingGod created NoIt's just my interest I'll create myworld myownstory l'veimagined since Imet them
in each period for the providers shown portraying a steady rate of activity from several networks of interest New Ki and IMSI pairs are
I have no interest in spending cuts that don't come primarily from defense spending.
Am starting to lose interest in drinks these days. Need motivation!
good thing im losing interest in ww anyways
You can tell Mika Brzezinski has no interest in talking about last night's terror attack targeting kids. Obsessed with Trump.\n#morningjoe
Why do I follow crunchyroll's newsletter? I can't afford half the shit they sell and most of it doesn't interest me at all.
I kinda knew there were people with absolutely no interest in \"the news\" or current events or politics. How in HELL did they get in the WH?
Key of happiness - same interest.
@KingdomMag boss @matsquire73 showing interest in Jones cup in auction @bonhams1793. Could he be planning online bid? #secretsafewithus
interest-rate contracts have been the biggest moneymaker for five of the past six years, responsible for 1\/3 of the revenue CME collects
whos interest are these so called  #Cosatu leadership serving, their own or the working population?
I'llspare no effort toplay thesettingGod createdNoIt's justmy interest I'llcreate myworld myownstory l'veimagined sinceImet them
Pursuit of specific and narrow areas of interest is one of the most striking features of #Aspergers.
Ever just feel yourself losing interest in everything ?
have the decency of closing your mouth please, you're stealing artist's works without asking them and without any creative interest
Paytm launches payments bank; offers 4% interest, cash backs on deposits, zero fees on transactions...
Can I interest anyone in some peppermints? Peppermint anyone
Conflict of interest?
When you write to a person and try to show some interest in the conversation but then they reply to you in two words lmao nope bye
Killing innocent lives for the sake self-interest? I condemn those people who are behind the bombing. #PrayForManchester
I'llspareno effort toplaythesettingGod createdNoIt'sjustmy interest I'llcreate myworldmyownstory l'veimagined sinceImet them
Challenge yourself to rise above self interest and put the needs of others first.  #leadership
wow I kinda lost interest in Depeche Mode for a bunch of years but this year's album isn't fucking around or taking hostages
Killing innocent lives for the sake of self-interest? I condemn those people who are behind the bombing. #PrayForManchester
When you see someone's interest rise injthe conversation, ask follow-up questions, to get closer to their sweet spot of strong
I don't make people pay me they wanna pay me because it's in their best interest
understand this:\nas long as there is a creative interest in using my music, i don't give a shit, use it and credit it that's all i ask
I'm interested in the future in ever way, no interest in getting pull back into the past.
Sessions needs to be removed immediately. He is in Collusion with Russia and is a Person of Interest in this election fraud. #jeffsession...
when dylan minnette's love interest in goosebumps is also named hannah
ya know, i developed this interest to reaction vids. Esp non kpop stans (mostly westerners) who react to kpop mvs\/songs for the first time--
Me having 0 interest in being a mother doesn't make me any less of a woman
Sessions must be the person of interest the FBI are investigating in Trumps camp. #sessions @nbcnews
Thanks Jermyn St Journal for the follow! I appreciate your interest!
take a shot when the str8 dudes love interest is a sharp tongued no nonsense short white woman who argues w the protag a lot at first
not the main target, but he is on the club's radar; and he is available. Without CL, though, it is tricky should serious interest emerge.
My favorite part of Twin Peaks is the spirit world, the characters don't interest me as much. So yeah this new season is catering to me.
The ones you want, are unavailable. The ones who want you, don't interest you.\nCircle of #relationships
And at this point if you don't want your \"friends\" relationships to work then do you have their best interest at heart ?
Now keeping money in wallet will also earn you interest. Convert your wallet in bank. #OyeDekh #PaytmBank  @PaytmBank @vijayshekhar
Lately, I've been losing interest on getting to know other people.
Spoiler but I bet Tyler posey is going to become janes next love interest and become a regular on the show
when u remember ur ugly and annoying and no one will ever take romantic interest in u
@afneil can't wait for the JC interview especially selling bonds to pay for nationalisation. Labour bond 50% interest live in 10 years.
Start saving as early as possible. Money that's squirreled away in savings accounts usually accumulates interest at a set percentage rate.
Real data shows investor interest in alternatives exceeds interest in #UCITS  - a trend likely to continue in the near term. #ALFILondon17
US spent 2,v96,684,000 minutes on  interest last year
Min Brown outlines her systems for dealing with conflicts of interest at SOE boards at #BrianMolefe committee.
Sad moment when there's no common interest
may they not be compromised by self-interest and blind indifference.\n#PrayForMarawi
Minhyuk have an interest to music since he liked classical music so he learned to play piano and flute
Other interest is believed to have come from teams in China and Qatar, but he could be lured to #LFC by Champ League football.
@DaveRamsey Whoa! If I don't pay off my #debt sooner I'll end up paying $84,075 in interest! That's NOT going to happen! #DespiseDebt
Should I feel bad for leaving people behind? - like old friendships, people I used to chill with and I have 0 interest in them now?Should I?
22. I studied Data &amp; Communication. Graduated and lost all interest. Don't plan to get a related job at all.\n\nSeriously fuck networking.
Things to not to do at school\nA crush on the teachers \nA romance interest on the teachers \nSexually attracted to the teachers
CFL\noh that's why it was hard to blame me for my response to KL\n\nbecause she was the only one who ever showed sexual interest in me\nNT
Okay once I lose interest that's all
\"Self-interest\" will have to become  social interest if we are going to survive as a society
Me loose interest ina Arrow so me stop watch it
The case centers on Chevron practice of financing Australian ops w\/loans to subsidiary at interest rates much higher than market benchmarks
I know my general lack of interest in SFV isn't showing it but I do appreciate how it tries a ton of new things with system and characters.
#NowPlaying Rahim SCR31 - Unknown - Web radio launched in interest of Tree Plantations. Plant Trees &amp; Raise PerCapita Income.
Triangle Talk: Cite 1. Their snterest  2. How your interest coincides with.it 3. Action that we should take.
@morningjoe You have that wrong.  Not interested in protecting the #trump's from themselves.  The interest is in protecting USA  from Them
The presence of Rove in this one suggests an interest in branching out beyond the cult faithful. #PraiseFOX
The White House may claim Mueller has conflicts of interest. That's ridiculous.
Me playing tsum tsums again: so minnie's power is built on the fact she is but an accessory to Mickey's story, a love interest who cannot ex
Do not make ultras as a commodity personal interest because, in principle, that is the number one enemy of the ultras!
Dads second sign of interest in pregnancy \"was baby a surprise then?\" ... \"yes dad\"... awkward silence...
@JLew1050 Any chance you have the interest and availability to join us on-air to talk about the new Magic GM?
@RCNconnects wifi symbol is shown on device but no interest? Astoria area-is the network currently down?
GABRIEL:MAKINIG KA ALWINA AND MULAWIN AT RAVENA PINALALABAN AY SARILI INTEREST ,IM SORRY BUT IN NEED TO SEPARAT WITH YUO ALWINA
Our new Technician Scheduler and other great DragonDMS features are generating a lot of interest today at the show! #CDX17
CFL\nI think I'd really rather rule KL as me liking her too much because she showed sexual interest\nNT
@realDonaldTrump As a US Citizen, I want to review your current tax returns for conflicts of interest, ethics and truthfulness.
Giuliani, economic growth and interest rates, Financial Revenues and Responsibility have also sank for the company to a longer summer.
seeing bts cook makes me wanna learn how to cook even tho i have no interest and i always fail at cooking :DDD
Interest meeting for RHS Girls Soccer is Wednesday after schools at 2:05 on the black box side of the auditorium! RT to spread the word!
@sambitswaraj Sir no point for these teasers.. plse we need not the principle. But Principle + Interest.Only 16 post is not answer. GO BIG
@Sirlionhart Wanted to ask, you got any interest in playing the new Fire Emblem on the channel?
@jayneraven75 Hi Jayne,i have a great story and data that i think might be of interest to cloudy2clear blog if you could dm a email address
Invest in yourself, it pays the best interest. #TuesdayThoughts
While it may seem like the project is dead - this isn't the case - this needed hiatus is in the long term interest of the project
.@realDonaldTrump chose personal alliances over country's best interest, not how to run a gov't. #Flynn #Kushner etc. wl bring WH down. #BAD
#NowPlaying Rahim SCR12 - Unknown - Web radio launched in interest of Tree Plantations. Plant Trees &amp; Raise PerCapita Income.
@JoeNBC Who the hell cares about the families interest? They are only interested in their bank accounts
@john_keim Do get a sense whether the Skins have any interest in Dan Williams?
Is it a conflict of interest that @WindhorstESPN is on LeBron James' payroll as part of his marketing team? #YellowJournalismIsAliveAndWell
Another beautiful colonial home coming to Thompson's Knoll - this neighborhood is seeing a lot of interest!! Only few lots left!
In the interest of transparency, the Cerio-Furry Fox video must be posted on Facebook &amp; be the subject of an inquiry on What's Trending AH.
Dairy Science sasifumanekile ngulamama. But ke its all good ngoku saphumana nayo. It made me lose interest qha kwi dairyscience and microbio
I don't mind if me and my friends have different interest in music, as long as they don't bash my fav artist i'm okay.
Philippe Coutinho has told worried Liverpool fans he sees his long-term future at the club, amid persistent reports of Barcelona interest.
(which is a huge stat for us and shows lots of interest - not surprisingly - in what is the ultimate personalised local news story....)
-But self-improvement sometimes takes the helm, becomes perfectionism and ends up backfiring and I lose interest.
Out of interest: Sean Mercer (Rhys Jones Murderer) was already  'known to the authorities' prior to the event......your reaction?
#morningjoe Vapid Mika droning on and on about Trump. Murdered children are of no interest to her.
feed them interest i might lose mine
I've regain my interest in @NBCTimeless after it's cancelation reversal
Grinding hard about to make the game pay me with interest for all the days when no one was paying attention.
What's the best pre-6am hike in CO Springs? And I have zero interest in doing the incline in the morning.
RT:\n@shianews313: \nIsolating Iran, Hezbollah, Hamas not in interest of Muslim world: Imran Khan #IsolatingIran #imranopposessaudi...
@phoneboy I don't know if it'll interest you, but I found a copy of Hot Death Uno 1.5 (32bit binary compatible with win7+)
I've got little interest in the stream of articles of public officials condemning the Manchester attack - it gives no comfort.
Refueling An On Orbit Satellite Is A Chinese first  major thrust of ongoing interest and development within the satellite industry
I still dont know how to take interest in cricket without you Sachin. @SachinTheFilm #MySachin
I have never met this person and sadly probably never will, but we share a common interest in Disney, writing and other things.
\"We see increasing interest of companies in Swiss #climate projects\" ~ Kathrin Dellantonio @myclimate #innovate4climate #GERpavI4C
Thanks to @NovaFootball for showing a huge interest in our players! @CoachOlaAdams thanks for recognizing great talent! #recruitwinchester
Only come across 1 guy so far on pof that I actually have genuine interest in and have given my number to. This is why, Ppl are sketchy
@clouddeals1 thanks for the follow and all the info. I'll be following you with interest.
Interesting session tweets coming from delegates at #GoingGlobal2017. Following with interest discussions on future of internationalisation
Sad to say I'm losing more interest.
my current mood is that it seemed like most of the ppl around me were there bc it was a special interest for them
It's Tuesday, nothing else \nIt's today, I'm not a siccofantic\nIt's 2017 I don't lie about my emotions to garner interest, fear or
Jindal well played but Nawaz shareef was forced to play becos of his business interest with jidal n India.\n#NoMoreNooraLeague
Nothing is wrong which is done in good faith and in the larger interest of society. #MajGogoi @samarjeet_n @kapoorashok25 @tamhanespeaks
NO INTEREST
(2\/2) from sell war weapons (to Saudi Arabia kill civilians, women, children in Yemen), american taxpayers, bank interest rate!
\"But when I learned the truth, I sacrificed my own interest to have a good relationship with Jehovah.\" What a heartwarming experience!
If poe ever has a love interest tht isn't a man I will b suing disney
i lose interest so quickly
I want to be someone you can't just lose interest in so easily. Someone you wanted to be around. Someone you wan't to experience.
There is a power, unknown to the world, when saints come together to pursue a common interest.
The terrified and neither interest nor love, should make them asunder from the feet out of an author
I'm not interest in the silver lining to problem-clouds; I want the platinum lining! #leadership
You seemed to don't have interest on me. Ciao.
did microsoft just announce a new surface or not im confused\ni saw LTE and it spiked interest
It speaks to @Al_Ewing's talent that Im enjoying his USAvengers and Ultimates tie ins for Secret Empire while having 0 interest in the event
I see Quilliam were invited onto #Radio2 to speak about #ManchesterTerrorAttack were you invited @TRobinsonNewEra? Just out of interest?
Jindal well played but Nawaz shareef was forced to play becos of his business interest with jidal n India.\n#NoMoreNooraLeague
You cannot separate the interest of a company from those interested in the interest of the company! #TheSolicitorsMind\n#StayCorporate
anywhom i'm gonna start the love interest bc he's from brisbane and so am i
Of our Destiny fans who has an interest in the lore of the Destiny universe? #BelongbyGAME
@officialmwent We did not see minzy any interest in promoting the album. We need to see it at the stage
@IndiaPostOffice \nHow do I get Interest Certificate for NSCs opened during last financial year?
if you aren't asking questions, actively listening with a genuine interest, it won't work
NS should be trailed in court and punished for his relations with india and conflicts of interest\n #NoMoreNooraLeague
DCs were also instructed to ensure implementation of Zero Interest Crop Loan upto Re 1 lac &amp; Re 3k to those who renew KCCs from April 1\/3
Liberal arguments:\n\"Dear Modiji why are you silent on the issue of safdarganj roadside pothole not filled yet? It's of national interest\"
Once a Capricorn picks up a wild interest in something, they can easily become obsessed with it.
IF YOU WANNA SEE A REDEMPTION ARC DONE RIGHT LOOK AT ROOT FROM PERSON OF INTEREST @TheCWSupergirl
I lose interest in everything so fast after one fuck up.
For ABS company whose only interest in running lagers is the money anything will be done to evict #BriennerStr protest, come by and join!!
@realDonaldTrump since both of our birthdays are on June 14th, would you have any interest in a joint party? #FlagDay2017
Is Tyler Posey gonna be Jane's new love interest next season? Noooooo
I am so grateful to release people who don't have my best interest at heart.. even if the release is painful. The reward is worth it.
11 Missouri Counties declared contiguous natural disaster areas. USDA offers low interest loans. Call 417-967-2028 for more info
The avg new car loan totals $30,621 with payments of $506 at 4.74% interest. Buying a deprecating asset with borrowed money, big mistake
#BBWLA hasn't had a good storyline since @drayamichele bringing old washed up @EvelynLFanatics just doesn't keep my interest
@Morning_Joe He who makes an idol of his self-interest,  will often make a martyr of his integrity ~unknown
every person has their own preferences, why bother hating on their interest? keep your own comments to yourself.
Don't think I'll be in another relationship for a while. Textin ain't my thing, I get bored quick and lose interest on anybody that hmu.
For ABS company whose only interest in running lagers is the money anything will be done to evict #BriennerStr protest, come by and join!!
@TarekFatah  what's use of un  when any permanent member can use veto? Isn't un  worthless ?veto powers countries use them 4 self interest.
Sending me one word texts makes me lose interest in talking to u
@GovAbbott HB3287 does not protect Texas citizens interest and hurts competition and job growth in the beer industry.Please veto that Bill!
According to Twitter I have 1,001 followers, but Twitter can't tell me how many of them are people with any interest in what I might post.
Is that we've little interest in a puff-piece about a person who isn't famous?
#GEO I take from that podcast that there is a hell of a lot of institutional interest
I used to be a banker but I lost interest.
Music brings the most unlikely of friends together over their mutual interest in one artist... it's a way to express ourselves!
Conflict of interest my ass haha
i really dont plan on making many moves this summer especially to no \"turn ups\" that really doesnt even interest me anymore
Discussing the best interest of child on splash FM 105.5
The best interest of our clients will always be paramount with every transaction
\"The superior man makes the difficulty to be overcome his first interest ; success comes only later\" - Confucius
Pautangin kaya kita? baka sakaling magka interest ka sa akin..
Appointing authority aware of the conflict of interest of the MetBank director at material time of his appointment to chair POTRAZ Board.
@jodywayzata finance just killed accounting with interest
I lose interest quick
To waken interest and kindle enthusiasm is the sure way to teach easily and successfully. - Tryon Edwards #quote
Be clear @PutinRF_Eng sees the Damascus gov't as part of its national interest, like Crimea, which is related @DreamescapePs @joshua_landis
I'm not great at the advice, can I interest you in a sarcastic comment?
Just looking....there's a couple fixer-uppers that may interest you.......
I follow everyone back @DC_Strategy, I appreciate your interest. What are you into?
@Di_Knox @ARMYMILA1 you share a similar interest about #AI
@ItsBouquet @ARMYMILA1 you share a similar interest about #AI
anyway enough guys on my TL. my fire for hiroto, my last lingering thread of interest in the 3D, is long gone
im so excited to be a mum, i have 0 interest in marriage tho
I alternate between being alarmed and comforted by how little interest the Trump admin appears to have in any serious fiscal policymaking.
It kinda bothers me that Ashi was just there to be a love interest and a plot twist\nIt feels like as if it's a text book Deus Ex Machina
#NowPlaying Rahim SCR13 - Unknown - Web radio launched in interest of Tree Plantations. Plant Trees &amp; Raise PerCapita Income.
show no effort and i'll show no interest..
If I'm going to show interest in your life at least try and pretend you care about mine
I had suddenly lost interest in photography and music as an onslaught of depression had hit me like a freight train.
It's true that I'm satisfied simply admiring my garden, the entire universe. I had no interest in realms outside my dominion.
@_sachinbansal your policies are against the interest of your customers. You form policies for ur benefit &amp; exploit users.
showing me interest is the best way to keep my heart
Philippe Coutinho has told worried Liverpool fans he sees his long-term future at the club, amid persistent reports of Barcelona interest.
A good conversation is like a miniskirt; short enough to retain interest, but long enough to cover the subject. ~Anonymous
#Virgo is a fan of kissing, especially their love interest.
@AsantebaEkua Let's put politics and our selfish interest  aside and fight for our future and unborn generation.
I have no interest abt cooking tho even tho my course is about cooking i hate cooking, the only cook i love is Jungcook.
Searching for people who would hopefully peak my interest...
At this point it's not only nothing will ever interest me; it's that nothing will ever surprise me.
I am a not member of Hizb Tehrir but completely agree with them that our army only serves american interest and are dollars paid mercenaries
A successful US President governs from the middle &amp; in the best interest of \"ALL PPL\". Both #Trump &amp; #Sanders are extremist and divisive ijs
Cap tables evidence that it to their money (5 Market risk, 108, 516 net income sources, 2627 carried interest, 3239.
#TTKSawal  Rajeev Tyagi did exact wht Congress expected to do...May u b silent on issue of national interest @sardanarohit @ZeeNewsHindi
You always give priority to your business and personal relations over the national interest \n#NoMoreNooraLeague
My reaction to learn obedience to the professor will never make Moodle delivers a place of our interest in classes was no
Both these factions are annoying and none of them represent the best interest for us.
How stupid keyboard that during typing i lose interest in the tweet due to repeating mistakes
each individual have their own interest in music, cant you guys just respect each other ??
Everyone has no interest but everyone, ie not self. (Nagels impossible objectivity?)
Short Interest in Habit Restaurants Inc (HABT) Increases By 5.1%
Wondering is it fair to charge interest on borrowed money. Esp to those who take ages to pay up, yet still go on holidays\/buy new gadgets.:\/
#Malloch: what is in the US national interest? Economic integration doesn't mean having a unified European government
You always give priority to your business and personal relations over the national interest..\n#NoMoreNooraLeague
we need a ban on muslim, from all public places in the interest of national secuity, me think, uk first
#Malloch: we should avoid a failing EU. That's not in the American interest
.interest users grew 1,04n%
people get busy and lose interest. its fine
I suppose it's just interest... Do-mi-so-do. Devoid of substance or purpose, a hypothetical pattern... Do-mi-so-ti.
@grockallschmidt here's an area of interest you might want to Google Rowland West as most people think that Batman was based purely on
It's insulting they you think I could have even the slightest interest in anyone after the plans and life I had with you.
Seeing consciousness as weak, my interest waned. I released my mind from the latent tendencies of falling for and holding to consciousness.
\"Hey girl, you've compounded my interest.\" #CPA #PDA
Amazed by interest in simple rope swing. How might we measure social return on investment for such a low cost intervention? #activeplay
#BILN Attracting interest and so it should. #RBG Very volatile! Will bounce soon once it settles.
It's insulting that you think I could have even the slightest interest in anyone right now after the plans and life I had with you.
Seeing consciousness as weak, my interest waned. I released my mind from the latent tendencies of falling for and holding to consciousness.
Adam Henley has interest from the Championship and MLS sides after BRFC release. #walesadamhenley
Trump's son-in-law a person of interest in very real criminal investigation of PotUS.
Democracy is the means to allow the wealthy and powerful to share the spoils of power amongst themselves by sponsoring small interest groups
Why would I ring to \"express an interest\" in PIP but not actually apply for it\nNow theres a problem and my application can't be sorted\nFfs
$FIS FIS to Sell Majority Interest in Capco Consulting Business to Clayton, Dubilier &amp; Rice\nFrom our Stock News Alerts App
Earn almost double interest compare to savings bank account. Invest now in #Liquid #Mutualfunds #safety #liquidity #vkenterprise 09723910360
Western Copper and Gold Co. (WRN) Short Interest Down 16.3% in April
$FIS To sell majority interest in Capco Consulting Business to Clayton, Dubilier &amp; Rice for $477M in cash;to contribute $0.11-0.12 to H2 EPS
No interest supporting advertisers @cumberlandfarms on @WEEI w\/ @AlexReimer1 and his progressive tirade. Another day on @985TheSportsHub
@technoforjesus , my ranch interest to me   here is his will in which is my name I only 4 years old at the time &amp; to experience my abduction
Grace and Mercy is when you get the Nurse that. The one who is caring. And truly looks out gor your Best interest #Ireceive
Lol so shawty had a tumblr post bout it but on the tweet from another user really sparked the interest. Once again Twitter &gt;&gt;&gt;
FFS just got call frm s\/one who said I had expressed interest in investments. I didn't. Him: so why are u on my list? Me:?? Good question.
I note with great interest that @adamjohnsonNYC is using Vietnam as a puppet for his vanity again.
Regarding the terrorist problem, what outcome is in the wests best interest?
MODIJI YOUR GOVT. REDUCED INTEREST RATE AFFECTING 84 YEARS OLD VERY SENIOR CITIZEN BADLY YOU CELEBRATING MY SUFFERINGS AMONG 3 YEARS RULE
@NPRjonhamilton Why begin Gage piece with \"brain geeks\"? Why stereotype? Why denigrate interest in the brain, science? Disappointed in NPR.
#trading #money #trader #forextrader\nAn investment in knowledge pays the best interest. Get 100% profit in Forex now\nPM for details!
... CH. 27: 'So you ought to have deposited my money with the #bankers, and at my coming I would have received back my own with #interest.'
Greed is not good. Self-interest is not practical. The best way to have a better, safer, happier life\/world is to ensure others do too.
And as if all that wasn't enough, @Javier71673929, you are DNPQ's 3,500th follower! Congrats! Thanks everyone for the interest and passion!
#Malloch: it's in interest of both the UK and the EU to get along after Brexit
Ai seems to have some interest in fashion. #AiFact
I currently am having no interest to any girls now. But it's not i'm having interest to some boys!
Good morning world! For the record, I have reopened my recruitment and I'm open to schools with serious interest or offers.
0%\nInterest
Who else forgot that Rosa Mendes was once the on-screen love interest of Zack Ryder on the ECW brand? #TheDoubleZTV
kinda wish they left sun or caphius  without a love interest in sense8, loved how in the first season they focussed more on themselves
@Majesty_ER Put one note of interest in perfect house reference number has three 555 anti devil eee perfect please help us get amen
@mikealeo Accounting; the only interest that accruing is my interest in accounting the time till I'm out
Concentrating on something beyond your area of interest is very hard. Trust me, I'm already doing the same.
Proximity to a Point of Interest Intended to detect the proximity of a vehicle to a POI- located in the center of a geofence.
The paramount interest of a child should be considered first - Mr. Yakubu Fadare on #TalkingPoints w\/@miketunbosun
Sudden loss of interest to study. This is bad.
#izwe_ghana Our investment product; iVest offers competitive interest rates on your investments. Rates start at 25%
Respected Modiji, Why interest on education loan is more than that on car loan. A car is more important or education for a bright future??
I literally have zero interest in celeb personal life and it's so fascinating how people gossip about them daily.
This girl doesn't even have any interest in reading the only area Jodie Marsh is interested in is opening up her legs2 dirty men her choice.
#DafBama2017_BTS person of interest
Close-knit teams have sweet spot of shared interest, no more toan 7 members, no e.tra members, a top goal &amp; rules of engagement
i have no interest in learning how to play
An investment in knowledge always pays the best interest.\n\nKISSES FirstCameraRolling
Just found out that interest rate on govt first buy scheme equity loan will slowly rise to 100%. Effectively lining pockets of developers.
and fair play. If you're not aware of this. Pull your head out of your ass and THINK about their interest rates.
. @KDTrey5 did what he felt was in his best interest. It's not his job 2 make the playoffs interesting.
When Molefe got reappointed at Eskom I was so pissed thought is this genuinely the party that had SA's interest at heart.
#thanks @NancyMyrland @dublincityhandy @lawtech_a2j for your #interest in our #legal #questions and #answers! #free #lawyer #youtube #law
.@annekeluc on genomic data disclosure within families: draws attention to the areas in where personal interest IS public interest
MBNA charging fraudulant high interest rates to consumers FED. Government havent taken any action ready to provide evidence .@mbna_fr
Still adding people to my list of Muse, so if you haven't yet. let me know your interest and we can make some plans.
In WWE Has No Interest in Broken Hardy LIVE Has No Interest
MyLOFT is an App for Patrons to access-organize-share E-Resources (subscribed) and digital content of their personal &amp; professional interest
Niggas got 0 percent interest in being up this early for this bullshit for the rest of the summer.
@narendramodi \nSir, Why interest on education loan is more than that on car loan. A car is more important or education for a bright future??
and fair play. If you're not aware of this. Pull your head out of your ass and THINK about their interest rates.
Ted #Malloch at @OpenEurope Brussels event states that a centralised supranational EU is not in US interest #FutureofEurope #realism #Trump
me: i have no interest in ARMS\nalso me: the official art is really cute and i love ARMS
Why is it the one person I want to text hardly hits me up and the people who I have no interest in talking to are always hitting me up?
and fair play. If you're not aware of this. Pull your head out of your ass and THINK about their interest rates.
Also, pakibayaran mo ng full cost yung tuition mo sa UP, plus interest.
The beloved Sprogs are 4 (almost 5!) and 7. They're both smart, brave and have an interest in SFF.
sometimes we want to have someone to be there for you, talk to you &amp; show interest to you
But the diversity &amp; interest groups of the Democratic coalition still there, so Sanders is prog on racial, cultural, social issues
Sometimes the lack of public interest in things I find important actually really hurts. No need to elaborate on what \"things\" I mean.
@ZakeyaMasada how you know AI8 is a Sis and not a bro?\nOr did Sis means something different?\n(sorry, pers. Q, hope for A, real interest)
As a matter of interest - and we all have our own entitled opinions - how do you feel about #Islam in the Western World? #ManchesterBombing
One-district one-factory policy\nOver 150 proposals and expression of interest received.\n#NewsOnTV3
.@GovMarkDayton Thx for staying strong on preemption.  Pls say NO to repeal of Campaign Public Subsidy.  Stop special interest $. #mnleg
Why are barca showing interest in another young CB in Davinson when we have Umtiti and Marlon ready and waiting (Umtiti ready)?
@PhyllisKhare we definitely have similar interests with #SOCIALMEDIAMARKETING. What is your direct interest?
Great meeting Andy Pitts &amp; team today at their POL QBP meeting. Much interest in the support @NFSP_UK &amp; @CommPlusUk can offer our members
Anyone who is a 'person of interest ' or known to the authorities because of terrorism should be deported along with all of their relatives!
Form an interest group about #AI, @Ecom_Nation @ARMYMILA1 @cameronjowens
Spfak sooner to a sweet spot of shared interest td cultivate a meaningful connection, the first step to creating something greater
The first hours of our debut on ProductHunt have been incredible! Thanks for the questions and interest thus far - please keep them coming!
\"An investment in yourself pays the best interest.\"-Benjamin Franklin
If anything it would be interesting having Getzlaf, Kesler, Perry all as \"A\"s, lessening the burden on Getzlaf and maybe motivating Perry
Let qour personality shine on Twitter. Tweet |unny\/interesting content along with the business content.
Memory manipulation interesting
I've been spending a lot of time exploring the fringes of BDSM with very interesting clients. Stories to tell.
it was an interesting read though
Learning thier names is going to be an interesting expirence lmao
I don't usually comment on opinion polls, but interesting that all today's show Con\/Lab at 78-82%. In 2015 it was 69%.
Well that was interesting to watch
I got a very interesting suggestion- since its 3rd Yoga Day, why not 3 generations of a family come together &amp; practice Yoga:\nPM #MannKiBaat
I like The Night Shift more than House MD, the cast is way more super interesting
Modern day historians are interesting. Most are Leftists, while they glorify the anarchy of past...#TheMoreYouKnow #History
How interesting, man I no recorded train sounds in the 1980s and you get a stereo effect by connecting to microphones two the tape deck.
today was... interesting
Interesting to see Netflix move away from star ratings. Seems like it's trying to hide how bad some of their back catalogue of content is...
#DYK Interesting Yes? =&gt;Emails with no subject all together were opened 8% more than those with a subject line.   [Source: HubSpot]
@ThomasJefUnit99 How come you guys aren't as enthused about more interesting amendments, say uh the 24th? I mean really--you idolize weapons
And its funny to laugh at how basic it is. How basic I AM. I sure wish I had the confidence to make myself something interesting that Im not
Yawn.... very interesting day!
Interesting, a man I talk to recorded old train sounds from the 1980s by connecting two microphones to the same deck getting stereo sound.
January Jones has been a love interest 2 my brother also in a past life. Interesting life experiences. Could turn her into a crystal maiden
me khalid and lil yachty are all the same age. Interesting. I still haven't learned not to drink out of a cup when I'm laying down
I guess we all do. I know when I'm upset I turn into a different version of myself. I just always wonder why that is? #interesting
Koe No Katachi was extremely interesting. I have some critiques and some praises, but it was worth seeing.
History channel is airing Superheroes Decoded. Anyone else watching this? It's interesting.
Just drove drunk bj home for 3 hours... it was an interesting ride lol
they just seem interesting + i like when things are connected
My mom really be havin some.. interesting ideas about who I am and what I do
The cognitive dissonance is rather interesting:  \"Witches of East End\" &amp; \"Twin Peaks\" (the original series). Heh.
Interesting
Shotz...interesting establishment
*Just kinda pass out and is now asleep on the floor at @StudInSpace 's.\n\nWhoops\n\nWell he'll have an interesting surprise tomorrow.*
Was interesting to see some try to set me up via my neighbors surrounding via complain too. Also not true what you are thinking via them.X
Congratulations @DiePARTEI for reaching 40K Followers! Follow back for more interesting facts.
$GNC Hourly. Interesting we broke a golden EWT rule - (4) overlaps (1), but we see here critical level regained quickly &amp; (5) goes higher...
alright guys should i make it interesting and stay up 24 hours?
Fanny Cage \"did not much like Mansfield Park-not to be compared to P&amp;P - nothing interesting in the characters - improved as it went on\"
@shokubu1 so I finished Year 3 and started Year 4 of Injustice and...wow. I didn't think it could get more interesting.
law is interesting, pero puta ayoko naman magkabisa ng mga clauses etc hahahaha
I got a very interesting suggestion- since its 3rd Yoga Day, why not 3 generations of a family come together &amp; practice Yoga: PM #MannKiBaat
i have found an interesting manga! at last!
Women are so interesting
such a very interesting \n#EarnTheJersey looking forward to finding the next Apollo logo\n#ApolloXManUtd to reach the next level @apollotyres
History channel is airing Superheroes Decoded. It's actually quite interesting. #comics
It's going to be an interesting summer
@nastel thanks for the follow. Very interesting product line indeed.
Today was a very interesting night
i'm not interesting i'm mentally ill probably
Exhausted and excited, a very interesting combination.
Just finished Craig Sager's book. As you can guess an inspiring, but also very interesting read. Craig was so full of life! #SagerStrong
@AliefofFaith hey man ... you good? You're RTing a lot of interesting stuff on my TL right now ...
this was an interesting way to spend my day
This could get interesting.
The amount and quality of jp comments I've seen made about Aoi's QA outfit and overall design is.... interesting to say the least
interesting Ivanka &amp; Jared suddenly only came to DC \"temporarily\" for 6 months or so; if $$ was pouring in without Q, we'd see diff spin
Keep shit interesting
California Voters: PLEASE remember to vote YES on Prop 82, which would ban interesting contractors.
DB Super is starting to get interesting again.
Interesting comments from @ChademaMedia Supporting @UKenyatta re election
So this night is turning into an interesting one....
Prison Brake season 5 is so fucking interesting.. love all the suspense in it. The Original suck.
Super-excited to play the interesting game #EarnTheJersey! #ApolloXManUtd @apollotyres
Houseparty was interesting today lol
It aint that hard to be interesting, if we already like you we would be interested just watching you talk about yourself and your life.
Interesting
feel like answering interesting shit don't be weird man
Time to play this interesting #EarnTheJersey game and get a chance to win Manchester United Jerseys. #ApolloXManUtd @apollotyres
the injustice comic is much much more interesting than the game tbh
Thinking about 2013 when I first joined IG &amp; how exciting it all was, reflecting on it now I really do remember how interesting I found it.
Rejection just makes it more.........  INTERESTING.
Interesting that during Ramadan, a festival of abstinence, the terror attacks rise.\nThe 'religion of peace' don't abstain from killing.
What a interesting NAMO impact from Delhi to Odisha
If Blues can snag another quick one before half time it will be very interesting #AFLBluesNorth
why persona 3 decided to have a spell that is unblockable and deals 9999 damage is, uh, interesting.
The largest parastitc nematode described is very interesting, it infects the placentae of sperm whales!
Interesting
I feel like a novel about a fantasy writer would be more interesting than a fantasy novel.
Super-excited to play the interesting game #EarnTheJersey! #ApolloXManUtd @apollotyres
He's so interesting and intriguing. It's refreshing man.
omfg me and jessicka watched that mommy dearest documentary about that girl who killed her mom it was WILD and so sad but so interesting
when I get bored I look stuff up about Kyle just cause learning about him is interesting cause he's such a normal cool dude
Almost got sprayed by skunk tonight, always interesting being reminded of the wildlife that lives here
Interesting lol
September should be interesting
Jessica: Please recommend a few other interesting bots.\n Leo: You can't miss @DPLAbot, @lowflyingrocks &amp; @WriteAssignBot.
Dear goodness this has been interesting....
Y'all eat Waffle House? Like, without force or a gun to your head? Interesting.
I've gotta say, Persona 5 is at least a more interesting story than the others. It's kept me interested in what's gonna happen next.
Last night was interesting to say the least
Would be interesting to see if describing it as \"gender equalitism\" created a different perception and level of support.
\"airway invasion\" interesting way to collectively describe penetration and aspiration #spaconf @emplowman
A wedding on a cruise in the Bahamas very interesting nice idea, I take that back great idea
I've been doing a lot of follow backs lately. Cuz I'm getting such interesting followers!
I wanna be interesting ; ^ ;
i picked up rin by harold sakuishi again its getting sooo good and interesting!!
A lot of interesting people in this world and a lot of interesting situations
memento mori is so interesting
Gig Harbor, no stranger to rallies, makes it interesting in state soccer semifinals
#13reasonswhy looks interesting. @shikhar164 have you watched?
Check the most interesting @apollotyres game lots of jerseys to win! #EarnTheJersey #ApolloXManutd
'Go', is the shortest complete sentence in the English language. #interesting #didyouknow
Of course interesting things start to happen in Seattle when I'm gone.
Went to an emo night in the suburbs.\n\nIt was.... interesting. \n\nI think I officially hate my hometown\/the suburbs.
@nishaswathi you are one interesting person on Twitter! It will be fun to have a sarcasm competition with you
just tried the new cheeseburger flavored combos. Very interesting. Maybe tomorrow will be bacon egg and cheese.
#MyLeprechaunAndI  is one of the more interesting hash tags that I wonder how it got trending that I have heard in a while.
That Konoha person sure is interesting..
interesting
I have nothing interesting to tweet about bc I'm very boring
Maris Inigo Kira, looks interesting @DreamscapePH @StarCinema @starmagicphils @StarCreativesTV @GMOunit
apparently it's because i looked so interesting O:
Interesting to see how news shifts from the D day it happened to a few days later. Interesting to see how people react to it.
Interesting day
I think\nIt is summer will be interesting\n\/The best\/
Research on nuclear sounds interesting
Being unpredictable is interesting and exciting
Which is interesting, because it also shows that they *know* its a terrible idea themselves &amp; they really dont care.
I need someone interesting and this person isn't what so ever yet
ALSO, Huge PM events are godlike to watch because pools matches are actually interesting and worth a watch, compared to melee\/s4\n\nGod bless
Another interesting chapter in endocrinology. Loving this!
This week will be very interesting.\nYou need to test my kitchen ability with this creature.
Welp today was an interesting day \nLet's say today I went \"Going Postal\"
Done with the pre calling card part of palace three. Finished it in one run. It's was interesting due to the whole thing being a
Interesting how someone so anti-Trump can share so many of his most heinous qualities.
huh. at the japanese hi touch event you can go through multiple time if you have more than one card? Interesting.
Compared to now it's interesting to see how the relations with Islam and Muslim people has changed from these times. #hist2260
i was wondering what is so interesting about twice........????? i dont get it.
And where's Malfoy? In stinking Slytherin.' What are all kinds of Exploding Snape? Interesting lesson, wasn't it?
Well this is interesting..
If you havent heard of this twitter account yet, @ThomasWictor check it out. Interesting theories, reverse trolls and random rants. Good
@AlessiaMonique never followed some1, u look interesting, u r the 1st :))
@NileshC02170214 Thanks for the follow. I hope you find interesting and funny Tweets here!
50 Shades of Grey is interesting.
it's not clever, it's not funny, it's not cool, it's not interesting. it's a stupidly cheap way to give the Doctor access to more resources
Add value to people's newsfeed by Tweetingmhumtr, interesting information, discounts, exclusives and life hacks.
Almost like a quantum effect. The more attention I pay to my Twitter feed, the more interesting news there is to keep my attention...
Golfing in the morning should be interesting
I'm so glad I went to see persian bae tonight he's so interesting
Guys have you played this interesting game #EarnTheJersey? #ApolloXManUtd play and earn #ManUtd Jersey @apollotyres
Have you played this interesting game? Do download the app now &amp; start playing to #EarnTheJersey #ApolloXManUtd @apollotyres
today \nwas interesting
Watched THE AMERICANIZATION OF EMILY. An interesting classic rom-dramedy that seems like an obvious skeleton for the plot of LIVE.DIE.REPEAT
Interesting, that is indeed quite petty.
When Lex told JK it wasn't that interesting but the moment i listened to his songs it changed completely.                 #ILOVEJUNGKOOK :)
Interesting that these rumours are in the streets before media reports on them. It must be someone very close that's leaking them. But why?
there are so many interesting settings for games of all kinds to explore but we stick to the same tired stereotypes again and again
James i have an interesting question. In the area do you what is the Oldest and Youngest animal evolutionary wise? #Safarilive
Interesting game so far!  Will play some more of it on Monday, likely along with some games of PUBG!  Probably a very long stream on Monday!
Tomorrow will be interesting...
Tweeps have you played this interesting game #EarnTheJersey? #ApolloXManUtd play and earn #ManUtd Jersey @apollotyres
And now the @British_Airways app has given up. Getting home from Santorini with 2 infants should be interesting
