"Mrs B's phone reports a \""workout detection alert\"".\nI fear she may have been abducted.",0
None but a coward dares to boast that he has never known fear.\n\nWE MISS YASNER KILIG YNC,0
That high soul who fears no creature and whom no creature fears will have no fear from any direction. (Mahabharata Shanti Parva),0
I feel safe when you're holding me near. Love the way that you conquer your fear. You know hearts don't break around here.,3
I spent 10+ years lying about who I was out of internalized fear of a reaction that never happened.,3
We fear our enemy but the bigger and real fear is that of a fake friend who is sweetest to your face and most vile behind your back.,3
Since fear is mistly about ignorance the best part is that it's as temporary as you choose. - cdmaford,3
The fear of the LORD is the instruction of wisdom; and before honor is humility. (Proverbs 15:33),3
Never fear what's unspoken!,3
I make a shadow of a friend until their own fear because they will inevitably attract and we need to the shell we have a,3
i don't walk around with no fear,0
Poverty is not the state of not having but rather the fear of not getting which causes you to hold on tightly to what you have,0
We are all in this life together... different situations same air same water same land. Same colour blood. DON'T ALLOW FEAR TO TAKE HOLD,3
Dystychiphobia is the fear of accidents. #blog #blogger,3
Kolpophobia is the fear of female genitals. #socialmedia #marketing,3
Phasmophobia is the fear of ghosts. #us #usa,3
The second you stop having fear and start making decisions you are on the path to a new and powerful future... NOW,3
She had ultra high-tech security systems enough mercenaries and weaponry to start World War III. There was no fear.,0
Hate that everyone's now just living their lives in constant fear,3
Riverdale did not cute my fear of gingers bitch I'm even more scared now,3
Choose faith over fear.,3
Yes I did speak up against it. I will not let this place of learning become a place of ignorance hatred and fear for the worst reasons.,3
For history: 9\/11 #terrorism- 11\/9 @realDonaldTrump the difference? Both suffer from fear and hate?,3
Rt: None but a coward dares to boast that he has never known fear.\n\nWE MISS YASNER KILIG YNC,0
We need to understand firstly the FEAR OF GOD before we can rightly understand the grace of God.,3
We have not sent down to you the Qur'an that you be distressed But only as a reminder for those who fear Allah #Quran 20:2-3,3
Fear The Deer Half Marathon tree jumping,3
Dear daughter\n\nOf all the things you may fear let envy be the first. It'll destroy you and all the beautiful things your capable of...,0
I cannot take the fear mongering news,3
Remember: We can't stop living because of the fear is a reality,3
PTI SM activists celebrate your win against paid SM patwaris. Why else would you be targeted? If PMLN is afraid of you imagine fear of IK.,3
Boredom is my deepest darkest fear,3
Fear makes ppl do unimaginable things.Makes racists spew racial slurs&amp;kill for 0 reason.They're afraid they'll be treated how they treat ppl,3
Once you've been hurt you're so scared to get attached again. You have this fear that everyone you like is gonna break your heart.,3
Dear daughter\n\nOf all the things you may fear let envy be the first. It'll destroy you and all the beautiful things you are capable of...,3
Ignorance. Pain. Fear and hate.....terrorism,3
When in doubt what do you do?\n\nYou fucking create. You do the thing. You put your guts ahead of your fear and fucking work.,3
why do you fear love araki,3
sick of living in fear of the night this happened kelvin grove park. To reiterate what I've said b4 LIGHT UP THE PARKS @GlasgowCC,3
"The Bible mentions \""fear not\/be not afraid\"" repeatedly. Yet some of the most fearful people are Bible Belt Christians. Why?",0
The friendship of the LORD is for those who fear him and he makes known to them his covenant.  - Psalm 25:14,3
Sistine Madonna or as a fool Lebyadkin's stupid names to a passport for fear of every one would probably contributed by,3
no regrets no fear no expectations,0
You wanna be apart of the crowd but the only reason is the fear of missing out....,3
@BilldeBlasio are u an idiot? Where is your documented proof the potus budget will kill children? Fear mongerer! U can't wipe Rudys ass!!!,3
RT YasnerUpdates: None but a coward dares to boast that he has never known fear.\n\nWE MISS YASNER KILIG YNC,0
People have a legitimate reason to fear Martial Law. Mocking people for having such fear is insensitive.,3
"\""Awe is vastness. Vastness causes fear and is the biggest stopper in digital experiences.\"" #CampDigital",0
Rt: RT YasnerUpdates: None but a coward dares to boast that he has never known fear.\n\nWE MISS YASNER KILIG YNC,0
Let's retweet more acts of kindness while we're on here. Let's hope the media displays more good . Just as they've conditioned fear into us,3
no high hope baby breath in. you will be fine. this is for the sake of yourself fight your fear this time. dont give up yet,0
what was always best for me was seeing fear in the eyes of the bully. - Bukowski,3
Remember tanks at Heathrow? \nThere's a reason for the army on the streets and it's to instill fear. Not in terrorists but you!,3
Final edits of #ShadowsofaTuscanMoon a new novel inspired by the #RobertaRagusa case and represented by @Nat_TRF #BEA #domesticabuse #fear,3
still in such shock from this tragedy we don't deserve to live in fear #prayformanchaster,5
On the other side of fear lies freedom! - JB Glossinger #quote,3
Why is there so much hate and fear right now? What could those monsters hope to gain? They're barely even human.,3
To live a creative life we must lose our fear of being wrong.\n\nKaogmaFestivalWith KISSES,3
HAPPINESS is kinda like swimming if you can't do it...you drown. Swallowed into the depths of FEAR and DEPRESSION...,3
Don't let papers like the Daily Fail lead you down a dark path of fear and hatred. We should be banding together not breaking apart.,3
Fear = False Evidence Appearing Real,0
Focus on where you want to go not on what you fear. - Anthony Robbins #quote,0
IMO: the world is under a much worse threat than terrorism which has been plaguing us for centuries IGNORANCE and FEAR,3
The reality of fear. \n\n#ALDUBxDTBYInYourSleep \n#DTBYInYourSleep,3
My biggest fear is being a successful piece of shit lol gotta nip the fuck shit in the bag,3
Two elderly misfits begin to fear their child after he begins to show signs of genius level hand eye coordination.,3
This country is strong fear will never win,0
The constant fear you get when you're on public transport with that empty seat next to you to protect #BritishThreatLevels,3
I w ite entirely to find outcwhat I'm thinking zhat I'm looking at what I see and what it neans. What I want and what I fear.,3
Violent Forces Radio: Now Playing Rampage - Terrortaphobia (Fear Of Giving Birth A Monster),3
Expose yourself to your deepest fear; after that fear has no power and the fear of freedom shrinks and vanishes,0
You owe yourself way more than to act out of fear,0
fear,3
Bow to reason and not to fear.,0
I would like to rant but in fear ill wake up with mentions full of horrible abuse I wont,3
Your mind is your prison when you focus on your fear. - Tim Fargo #quote,3
i fear losing you more than i fear losing myself,3
theres good bad in all cultutres dont stop goin 2 ur local shop in fear he might blow you up ..dont let 1 person break us #manchesterattack,3
Fear My Stick,3
Unless your experience goes beyond the limitations of your body and mind fear is natural.\n\nKaogmaFestivalWith KISSES,3
Live not in fear,0
Respect all fear none.,0
I really want to get rid of my fear of roller coasters,3
we dont live in fear of them we live in fear in what they'll do they are not monsters they are evil losers,0
Hustle hard and fear no bills!!!,0
There is no such thing as Islamophobia that implies a fear of a lie.  Islam is here to dominate not liberate.  stated many times #BANISLAM,0
also lesbians who id as non-binary it would be so good to talk about what being a woman and\/or a lesbian means to us without fear or shame,3
Courage is knowing what not to fear. - Plato #quote,0
I've noticed many more people taking a much stronger stance\nPeople are fed up and the 'fear' of being called a racist is fading \nAbout time,5
Its perfectly legal for Intelligence to conduct social experiments on the masses to study reaction arouse fear or pass laws. Remember that,3
If it looks like Him acts like Him loves like Him. Trust it.  Don't fear.  Your blessing could be tied to it.,0
Fear or Phobia???\n\n@MyJaps \n\n#AskJulie,3
The point of maximum danger is also the point of minimum fear.,0
"\""For I am the Lord your God who takes hold of your right hand and says to you Do not fear; I will help you\"" #PrayForMarawi #PrayForTheWorld",0
'Love needs fear down inside. There is more in the scare that your love won't hide.',0
slipknot pantera fear factory korn - free the weed.wma.exe,3
The whole secret of existence is to have no fear. Never fear what will become of you depend on no one\n\nKaogmaFestivalWith KISSES,3
Fear holds back most hearts\nWHY?\nBecause its REAL Cowardice to not know the unknown\nit never hurts to risk knowing as long as its TRUTH.,3
Dont know if you know but baby i dont fear nobody,0
Project Fear is well underway I see #manchesterattack  #GE2017,3
Face your past without regret. Handle your present with confidence. Prepare for the future without fear,3
There is no feeling except the extremes of fear and grief that does not find relief in music.\n@CloiErrol \nKaogmaFestivalWith KISSES,0
The fear of the Lord leads to life\n\nKaogmaFestivalWith KISSES,0
God didn't give us the spirit of fear. We need to face our fears to overcome them,3
I refuse to feed fear with time. Take action.,0
Tried to adopt if you've got nothing to hide you've got noting to fear but it was a bit unwieldy...,0
The thing I fear most is fear.,3
In the words of @VinceMcMahon we shouldn't live our lives in fear,0
fear of the dark,3
I fear God bruh!!.....not you!! #believethat,3
Tryna be someone's peace not headache...but I'm not compromising MY PEACE for fear of becoming someone's headache,3
"@nypost \""They saw no threat\""and now fear more attackswell hell yesyou don't do anything about themget seriousconsult Franceget together",0
#IStillHaveFaithIn  God. Blows my mind everyday how much he will if you Let him.#Tryit Choose #faith over feardoubt &amp; anxiety.#Freedom,3
And that is the clinical direct telling of my headspace but what it does not cover is the shame the bloody FEAR.,3
If you're scared actually doing the thing is going to dropkick the fear. \n\nBecause I bet you're scared about a judgement filled future.,3
Tried to adopt if you've got nothing to hide you've got noting to fear but it was a bit unwieldy...,0
@realDonaldTrump I didn't love them too most liberals have hidden motivations l'm no judge in the end it's all about fear I have pity for it,3
We must face our fear our anger our vanity and figure out how to resolve without succumbing.,0
terrorists the word misguided might be more appropriate and less fear causing or hate causing.Being a boomer I remember my parents being,3
"\""There's no fear in love.\""",0
The voice of the green rising from the forest with no two leaves alike. Alone alone but to be different is fine so have no fear.,0
IN TIMES OF FEAR AND ANXIETY ONE MUST CONTINUE MOVING FORWARD!,3
@Pontifex I GET IT U THINK MY RELIGION IS NOT URS SO U HAVE NO FEAR OF MY WORDS. WELL LETS CHANGE THAT. I WAKE THE VOLCANOES. SEND THEM 2 U.,0
Fear entraps but Faith Releases Potential,3
Courage is knowing what not to fear. - Plato #quote,0
La felicidad es que vuelva fear the walking dead...,3
Clients fear arbitrary decisions  they wanh prjblem solving. Havy a reason for everything evjn if this is post-rationalised'.,3
I know the police and soldiers are there on street corners to protect us but this doesn't feel like protection it feels like fear and defeat,3
and to my soul you stared and bolted every FEAR,3
#NowPlaying Fear Factory - Bite The Hand That Bleeds On Atlantic Rock #LetsRock,3
Chess \nThe queen is the most powerful piece on the board. \nKind of like in life.\nNo wonder some men folk fear us.,0
When I have a camera in my hand I know no fear.\n\nNeverBackDown MARVOREE,0
but can i request every morning some piece of advice for my strength to fight for my fear? please?,3
Make no hell no fear comes and sharing it flows through what I said before Hear someone knockin or see shit to the death,0
When you're missing all my kisses baby\nFear is all you know\nAnd you're wondering where all my love went sugar\nFear is all you know,3
we owe it to those innocents to do the things we enjoy the most in this life without fear make our lives worth something #Manchester,0
@republic \nMake documentary on how's Hindu living in fear in Muslim majority areas of Bengal \nIt's VALLEY OF DEATH FOR HINDU only republic,0
@geoffregan \nI have fear of persecution from Jewish canadian and Vatican Church . I have always feared the safety of my family.,0
There is no hope unmingled with fear and no fear unmingled with hope.\nWE MISS YASNER KILIG YNC,7
And i just hope and pray that this never happens again because noone deserves to see their idols im fear. Noone. Especially not because of,3
okay a deep seated fear in me is that once bts reached their ult success and fame they will become sad stressed and just isnt the same as,3
@geoffregan \nI have fear of persecution from Ontario white police and Vatican Church . I have always feared the safety of my family.,3
Bare upsetting to see terrorism winning by making events cancelled and people live in fear,3
It's no fun to fear .,0
Even with God mode on I'm still screaming like a fox fighting these ninjas in FEAR,3
furries in riot chat: FUCK Y'ALL HERE'S A DOG \n\nme in riot chat: [still living late 90s fear]\n\nsomeone help me manage this,3
Fear is always triggered by a thought. Become aware of what you think in order to change it and you can potentially become fearless.,3
could take a lesson from.  Letting YOUR fear and hate get out of control doesn't show your kids how to cope in unfortunate &amp; tragic,3
"\""Love is a haunting melody. That I have never mastered. And I fear I never will\""",0
I'm so shook up I swear my fear of dogs continues to get worse,3
By this time I am no longer  a slave to fear God will provide.,3
There is no time to waste with fear anymore.. It's 2016,0
Twitter is where everyone tends to abuse without any fear like it'd be beyond your thinking what your parents can do after seeing your TL.,3
No fear,0
Be my fear Be my intention.,3
Shame is a very powerful tool in negotiations. If you have fear or don't have the education you might think u don't have the strength. u do,3
Me: I don't need to block anyone preemptively \n-gets a notification from an IRL friend-\nMe: FEAR,0
washingtonpost fear? That's the fucking point! Take away benefits from the poor elderly &amp; veterans to pay for tax cuts for the rich.,5
"\""Love is thy emblem of eternity; it confounds all notion of time; effaces all memory of a beginning all fear of an end.\""",0
Fear keeps people from getting what they want too many missed opportunities from being scary. #wednesdaywisdom,0
I fear for the future of the north east and the whole UK if May and her robber barons get a chance to crush us again. #slavenation,0
"Naalala ko yung fear nung boss ko.\n\""Ang magkaroon ng singko.\""\nRofl.",0
I will erase the hate.\nI won't tolerate fear.\nMy worries have flown out the window.\nNo more concerns.\n\nI am my power.\nI am my truth.,0
My worst fear is losing you.,3
@FoxNews @cnnbrk @NBCNews @ABC Media tells us Terrorists love to see our FEAR &amp;chaos after attacks so Media keeps showing terrified victims.,0
Let us never negotiate out of fear. But let us never fear to negotiate. - John F. Kennedy #quote,3
It seems that news these days just wants to fill us with fear and hate #FightFakeNews,3
We must laugh before we are happy for fear we die before we laugh at all. ~~ Jean de La Bruyere  #quote,0
"\""Go out and live your life without fear\"" yea surethat's what authorities say European events&amp;concerts being cancelled.Bring more muslims!",0
Last 4 months a lot has changed .. apart from my need for ink and piercings.. all though I've a huge fear of needles,3
"\""Only thing I fear is God and he on my side\""",0
I fear what's to come\n Sprinkles on my donut bitch\n I fukked ur mum near Tesco's,3
If you want it gotta go get it. Can't let the fear of rejection stop you,0
The great joy of Jesus' resurrection will overcome any fear and enable us to obey Christ with enthusiasm. - Romans 28:8,3
"What's crazy is that the feeling of \""fear\"" is not real.",3
Let us never negotiate out of fear. But let us never fear to negotiate. - John F. Kennedy #quote,0
My biggest fear is being useless,3
Accept your past with no regrets handle your present with confidence and face your future with no fear.,0
@realDonaldTrump fear is a disease the left Hillary Barack the whole party and they're fake media love to spread the fear virus,3
Get over your desire for social comfort. It's your ancient brain craving to fit in fear of being cast out. It's far more divine to produce.,3
"The fear the edgy looking chap who doesn't quite have the air of \""one of us\"" might jump the queue in the post office. #BritishThreatLevels",0
The Sun The Daily Mail and the other trash press are doing their best to con people into backing Tories. Playing on fear to give them a win,3
When you are stripped of all fear you will face things others cannot; things that drive you mad maybe. Deep things. Dark things. #1linewed,3
"\""Faster Faster until the thrill of speed overcomes the fear of death\"" \n\n#forskience",0
Never be afraid to re-evaluate your circle and make necessary cut offs out of fear of leaving your comfort zone.,0
Ugh wisdom teeth removal surgery booked. What's worse the fear of the surgery or the pain in the tooth?,3
Some of you will and some of you won't understand this. Fear is totally made up. It's a feeling that our brain creates.,3
Like i just can't tell u the amount of fear I have right now for my family too,3
I chose to fight without fear not take the flight. #GraceofGod,0
And another great episode of #YouCantAskThat. Though I fear that people who would learn most from this program don't watch it,3
Wolff: It's time for the fear of death to be put back into you\nLeon sassy voice: EXCUSE ME?\n*crits and 1-shots Wolff*,0
We have had a long rendezvous with hurt pride frustration self pity misunderstanding and fear. -AA Big Book,0
The fear of human opinion disables; trusting in God protects you from that. -- Prov. 29:25,0
my eternal fear at conferences where i have to try identify people by lanyard is that ppl think i'm a leery straight man,3
Fear not the man who has practised 10000 kicks but fear the man who has practised one kick 10000 times. - Lee  #QUOTE,0
An ounce of action can crush a ton of fear. - Tim Fargo #action #fear,3
Pain makes you stronger. Fear makes you braver. Heartbreak makes you wiser.,0
Drugs + NuPork to undermine resistance. Terrorism and fear to substantiate Martial Law.\n\nWhat comes next.,3
I fear that I cannot record this in a day,3
If you fear doing something it is almost always the thing you need know you need to do! If you don't conquer the fear now when will you??,3
@foxnews @marieharf wit ought feign less concern for General Flynn &amp; fear for every 1 of the criminally-arrogant gang of which she was part,3
Fear kills more dreams than failure ever will.,3
@realDonaldTrump these people are danger to our Republic the Democrats are fear-mongers it is how they rule and control from the beginning,3
Have no fear of perfection - you'll never reach it.,0
You project fear onto yourself when you let yourself imagine the other possibilities about a plan\/idea you have in your head,3
by that i mean i managed to fit a lot in yay but also i cant lift the bag anymore how am i supposed to commute with this fear jpg,3
To all the people who fear Martial Law I get where you are coming from. It has opened the scars of the past. \n#PrayForMarawi,0
I love all my friends but I fear I don't show it very well...,0
You can conquer almost any fear rf you will only yake up your mind to do so. -Dale Carnegie,3
Fear is faith in the enemy. - @levilusko,0
People who try to embarrass their boss or beef them openly have no fear. Either that or they are sleeping with their boss's boss.,3
How to break out of jail: Step 24. Eat 24 hotdogs and cower in fear.,3
The purpose of fear is to raise your awareness not to stop your progress. - Steve Maraboli #quote,0
Please stop spreading unverified information. Instead of getting informed it may aggrevate fear and terror. #PrayForPhilippines,3
My Biggest fear is letting Someone borrow money and they Die,3
Another blow for students as the SU have shunned Eddy Arnold Time for fear they will draw attention to Maddox Jolie-Pitt.,3
"2) for months now I mainly tweet &amp; blog on America because I saw &amp; fear \""The Fall of America\"" with Trump Presidency &amp; \""Now Fell &amp; so now?",0
Everyone who's going to Shawn's show tonight please don't let fear ruin the best time in your life. Stay strong guys,5
A socialist response begins with tearing away the veil of the secret state. You've got nothing to hide? You've got nothing to fear right?,3
"\""For some time he refused. But finally he said to himself 'Even though I don't fear God or care about men yet because this widow keeps",0
Fear today forgot tomorrow.,3
If you only imagine one possible outcome and tell yourself that this is the only outcome. You won't have fear of your plan not working,0
Slam Dunk on Monday. Music fans coming together without fear to enjoy what they love. Fear and terror can't break us.,3
i fear that my disbelief in reality will be my downturn to the white plastered hallway they will get me and keep me away but i cannot leave,3
Mabalik nasad ni akong fear sa wars og guns :(,3
You don't know fear until you're late to a dr. Appointment and lost somewhere in St. Mary's Hospital without a phone,3
The key to change is to let go of fear.\n\nKaogmaFestivalWith KISSES,3
31. C. #WhereIsYourFaith if in praying to me the language of your prayer is one of hopelessness fear &amp; doubt?,3
fear will not divide us.,0
Because in your mindset that's the only end result. So I'll actually correct myself and say that fear is real but it's self created.,3
To live a creative life we must lose our fear of being wrong. - Joseph C. Pearce #quote,0
Faith\/Fear Honest\/Perfect Work\/Wish.,3
In my alone night I'm free from the fear of your anger but I still my night went cried.,0
A girl who's trying to conquer  fear living inside of her mind.,3
32. Matthew 14:30 - Your prayer points are a reflection of your faith doubt or fear. #WhereIsYourFaith,0
Something is off about govt's response to this attack. It just seems like they are deliberately stoking more fear to serve their own ends.,3
It's crazy to me. People don't really know the realities these people living the poverty the fear of walking out your door every day,3
World leaders if you want to strike fear in Islamic Terrorist groups then do it children are dying daily by the hands of cowards.,3
Fear is poison.,3
@TheFamlyJules i just found out that the name shrek comes from the yiddish shreck meaning fear or fright!!!,0
"\""Come &amp; hear all who fear God; let me tell you what he has done for me.\"" Ps66:16",0
When it's all dark and full of fear ... out of no where new people enter your life to enlighten it,3
The fear of having existential crisis once the boys started their promo tour and you only have few dollars in your pocket.,3
and you can stop fear from being created and\/or projected on you if you ignore and won't take any other end result but the one you desire.,3
Fear is poison.,3
My worst fear is losing you.,3
remember hate doesn't come from religion it comes from fear.,3
Courage is resistance to fear mastery of fear - not absence of fear.\n\nWE MISS YASNER KILIG YNC,3
@MarieliciousVIP What is your biggest fear? #AskMarielicious,3
I don't fear death like I use too especially since I know where I'm going,0
33. Fear is an indication that faith is missing. When faith possesses the heart it inspires the mouth. #WhereIsYourFaith,3
On the other side of fear lies freedom! - JB Glossinger #quote,3
Spicy food is like unprotected sex you fear the morning after..,3
Not afraid to offend someone to protect my country.  No Fear! The losers do not control me!  #Trumpourprotecter #Hannity,3
You can motivate by fear &amp; u can motivate by reward. But both those are temporary. Th only lasting thing is self motivation.-Homer Rice,3
Radio 5 presenter to POOR  ANGRY MUSLIM.....DO U FEAR A BACKLASH....I FINK HE  SHOULD EXPECT ONE........BOMBER WAS WELL KNOWN.AMONGST  NUTS,3
i dont fear about things anymore....,0
"\""A fear will only make you weak and lose confidence. Ignore the fear and proceed your step!\""",0
The terror threat level should just be an internal meter used by govt MI5 police etc. Revealing it to public just causes more fear &amp; panic,3
The Islamist &amp; Nationalist extremists are absolutely united by their insatiable need for fear hatred and conflict. \n#GE2017 #Brexit #Remain,3
Yes this is all very scary but I absolutely refuse to live a life in fear.,3
"\""Faith is the best antidote for fear.\""",0
Courage is resistance to fear mastery of fear - not absence of fear.\n\nWE MISS YASNER KILIG YNC,3
Downloading: S02E04- Fear and Trembling,3
When lords are Muslims or Kurdish fellows; yes what banking what coins petter out at church meet's; Dear Jesus..I fear it's sights shall,3
come on baby dont fear the reaper,3
#Manchester terror suspect on the watchlist for months Islamic terrorist ties. PC fear of being labeled an Islamiphobe got people killed.,3
You can't live in fear.,3
If someone is sending threatening texts correctly punctuated you have nothing to fear.,0
@ShawnMendes perform your heart outta tonight's show kid...don't let any fear get in your way from doing what you love most,5
You gain strength experience and confidence by every experience where you really stop to look fear in the face. You,3
lived all my life in a city attacked by terrorists. Was evacuated from the Wimpy the day the IRA blew it up. Fuck em. No fear for Saturday.,0
Swear to God my fear of death just keep on shrinking,3
...Despite the anger and fear around the world the only thing that can bring an end to this madness is #PeaceOnEarth stay strong #England,3
If you fear an 8 year-old child then you must be very very insecure and weak men. #Daesh #machesterattack #ManchesterBombing #Victims,3
Talking about 'strategic positioning'. Foh you cowards! You're just afraid that the person might say no. Own your fear and cowardice.,3
The motivation for terrorism is not mere murder or maiming but the incitement of deep fear in an entire community or nation.+,3
I've heard the word 'fear'. I simply choose to believe it doesn't apply to me - Cassandra Clare. O],3
I won't let the fear win this time,3
An ounce of action can crush a ton of fear. - Tim Fargo #quote,0
You ain't nothin but a baby your fear is growing up...,3
Fear not my sky i'll protect you...,0
When fear knocks on the door answer with faith!,3
I fear not being good enough,3
faith &gt; fear.,3
Caligynephobia is the fear of beautiful women. #blog #blogger,3
Hierophobia is the fear of priests. #socialmedia #marketing,3
Hobophobia is the fear of bums or beggars. #us #usa,3
What I mean when I say all this is that If u want something GO GET IT. Don't let fear (a emotion self created thats NOT REAL) stop u,3
Once you've been hurt you are so scared to get attached again. You have a fear that every person is going to break your heart.,3
She's a bully she rejoices in that. They fear her they just smile.,3
To live a creative life we must lose our fear of being wrong. - Joseph C. Pearce #quote,0
When will my fear of the crock pot go away? \nIn my mind our apartment is burning down slowly...,3
@KTHopkins I hope you are humbled when the children who died forgive you in the afterlife. You are a relic of fear and hatred.,3
Hear my voice O God in my prayer: preserve my life from fear of the enemy. \nPsalm 64:1.,3
"\""How do you get used to fear?\"" Ask yourself what is the worst that can happen and is it better than doing nothing at all. #BizExpoMKE",0
He that trust in the Most High fear no man,3
The traffic home is so bad you're fear you might miss the start of @BritishBakeOff #BritishThreatLevels,3
Heartbreak is a valid fear but stop making it an excuse,3
Never lived in fear I knew I'd die another day never lived my life for something sweeping away,3
"I'm like \""My life is on the line what's there to think about?!\"" Found out from mom that dad didn't want me getting saved just out of fear",0
Replace your fear with faith God has everything under control.,0
if i could smoke fear away i'd roll that mother fucker up\n\naand then i take two puffs,3
#manchester we pakistanies can feel the pain from which manchester is suffering..stay determined.no fear..be courageous..we will defeat them,3
When your fear touches someones pain it becomes pity when your love touches someones painit becomes compassion,3
i keep talking about feeling soft but pls have no fear i still wana suck all of bangtans dicks,0
@justinbieber How could you turn down your concert at Manchester we need people like you to carry on to show there's no fear so they stop!!!,3
Why are we supposed to live in fear. Just because of the choice of your attire?,3
"\""Anger fear aggression; the dark side of the Big Data are they. Easily they flow; quick to join you in the War on Terror\/Crime\/Drugs.\""",0
"\""Failing was not an option. That mindset helps you overcome the fear.\"" - Holly Ritz #BizExpoMKE",0
Have no fear for atomic energy cause' no e of them can stop the time,0
somebody call the doctor tell him put some fear me,3
So I say that we do not kill Islamist extremists. It will only fortify their resolve. They don't seem to fear death . . .,3
A phobia is an IRRATIONAL fear.  Could someone please explain what is irrational about fearing islam?,3
Fully agreed MACC shud not bother impact of its action on political campaigning.Act without fearbias to eradicate scourge of corruption.,3
Fear makes the wolf bigger than he is.  -German Proverb,0
I fear mediocrity and irrelevance far more than death.  Keep pushing the limits.  #questforexcellence,3
Salvation isn't supposed to be an insurance policy or simply because of fear. Salvation is meant to be a change in how we do Life,3
I'm telling you all again I'm experiencing my greatest fear which is growing up to be an adult. I'm scared to death.,3
We need to move on a new manager soon... I have a growing sense of fear and dread by seeing our top players linked away from @CPFC,3
@UN_Spokesperson \nI have fear of persecution from Jewish canadian and Vatican Church . I have always feared the safety of my family.,3
There's nothing to fear but fear itself and the occasional exploding Muslim.,0
@ArianaGrande i dont know if you will see this. You cant let them win they want fear there weapon is fear. Stay strong the show must go on,3
Facing my biggest fear of being alone has to be one of the most rewarding things. Because now I love being alone.,3
FEAR!,3
My worst fear is waking up late for my own graduation lmao,3
Replace fear of the unknown with curiosity.,3
@UN_Spokesperson \nI have fear of persecution from Ontario white police and Vatican Church . I have always feared the safety of my family.,0
She is the sex that you fear,3
"#JESUS tells us Who We Are;\n\""Do not fear those who can kill the body \nbut can not kill the #SOUL.\""\nLet #SOULS with EARS HEAR.\nadotsom",0
They do it because they fear the Caucasian power instinct which naturally produced the National Socialist movement in Germany.,3
Action conquers Fear,3
people have no fear,0
Don't let fear dominate.,3
Your faith needs to be greater than your fear,3
My biggest fear is getting into another one and I swear I seen my life flash before my eyes this morning.,3
Do I just wake up being so negative or am I always like this? I fear it might be always. Sorry friends.,3
I'm motivated by fear.,3
My Biggest FEAR is Losing my MUM before I can Give Her the LIFE she Deserve.\n.\n.\n#MothersLove.,3
Aside from the fear of loss and aquaphobia I have only ever been afraid of one other thing. The cause of it was one of my favorite PS1 games,3
The lominsan council is brutish in implementing their politics too they quite literally contributed to the kobold fear - &gt; summoning titan,3
Those using the #Manchester atrocity as an excuse to spread hatred and fear share the same goal as those slaughtering children. #liveline,3
can the public please stop reposting horrendous photos and videos?????!! cant you see?! you're helping them spread fear!!! goodness!,3
Courage over fear faith over violence life over death love over everything,3
You protesters said you fear Trump has his finger on those nukes. Keep protesting see what happens. @cspanwj @realDonaldTrump #tcot #tlot,3
"I don't know how old I was when I heard the expression \""corrective rape\"" but it spoke to a very deep fear.",0
I'm really proud of Harry for not cancelling his Mexico show even though he wasn't fully there. Spread love. Don't let fear win.,0
While I hope that ALL children drum along with Kuda I especially hope that this book might help children who fear loud noises.,0
YO! MTV IS REBOOTING FEAR FACTOR. YES YES YES.,3
For all those critical of Maj Gogoi stonepelter response must be sent 2 Kashmir to face fear of menacing crowd. Will appreciate his action,3
Idk if it can even be a fear?maybe I got scarred because I was so young at the time? But it was from Dino Crisis. One specific scene.,3
Im even scared to go on holiday i start living in fear..,3
"\""Tap into your competitive spirit to overcome fear of trying\"" Dawn Vogelsang  #BizExpoMKE #WomeninBusiness",0
Minimal fear when it comes to dangerous things,3
A single bee is fearedbut when millions come together even the bravest run in fear. Gov't fear the day we all come together!!!,3
We all have a fear of facing certain situations or realities that we do not want to deal with.,3
The greatest mistake we make is living in constant fear that we will make one.,3
@MTGGoldfish So even after Probe gets banned Storm is back on top. Is it safe to buy into or should we fear yet another ban? #mtgfishmail,3
My greatest fear is that my future child's instagram handle of choice is already taken,3
Joel 2:21 Do not fear O land rejoice and be glad For the Lord has done great things.,3
Dont fear failure so much that u refuse 2 try new things. The saddest summary of life are the words could have might have and should have,3
People killed in Manchester and @CNN is discussing ita fear of backlash on muslims but nothing on action on extremists,3
I always fear that I'm not living right so I feel guilty when I go to church,3
11:11 world finds love not fear,3
#manchester we pakistanies can feel the pain from which manchester is suffering..stay determined.no fear..be courageous..we will defeat them,3
O you who have believed if you fear Allah He will grant you a criterion and will remove from you your misdeeds and forgive you Q.s 8:29,3
The more you are prepared the less you fear.,3
scared of my own ceiling scared I'll die of uncertainty fear might be the death of me fear leads to anxiety,3
Isn't this Contempt of Court ??\nCBSE not replying to High Court or They don't fear Such Orders due to political influence\n#NEET #ReNeetug17,3
Di mag sige'g pataka. You're exacerbating the situation. Causing fear and panic among the public. You're not helping.,3
"\""No fear can hold me hostage No lie can keep me bound My God has the final word\"" by Kim Walker-Smith. Love this song. Powerful words!",3
Fear of being labeled will NOT protect you from a deceitfully evil unseen radical mindset.,3
"\""Train yourself to let go of everything you fear to lose\""",3
Fear got the best of you and in your panic you turned to the now high chancellor Adam Sutler.,3
SPREAD LOVE. NOT HATE OR FEAR.,3
@KyleKulinski is it true you fear @KaiserScoopy?,3
@TonyBellew no one's got the guts to deal with these ppl.. M. P. 's with their bullet proof cars while we fear for our children. No excuses.,3
Teach me thy way O Lord; I will walk in thy truth: give me an undivided heart that I may fear your name. \n\nPsalms 86:11,3
Jesus healed me from a life of repression. A prison of fear\/religious intimidation. I will never be silenced again. Walk w me or walk away.,3
The fear of the LORD is the beginning of knowledge; Fools despise wisdom and instruction. The Enticement of Sinners  (Proverbs 1:7),3
"\""Let's escape from this colorless world to find myself and tomorrow (that) we live\"" [ Fear and Loathing in Las Vegas-Just Awake]",3
How it feels to live in mindanao? Fear? Family? Freedom? False hopes given to people? Faith of Mindanaons?! #MartialLawInMindanao,3
#WIPTruthOrDare \nFawn\nUmmmm what color is fear?,3
"redemption...this has been revealed by hashatan so that his workers may know how to attck n overcome us..knowing that we don't fear \""death\""",3
I live my life through fear. If I'm afraid of it I'll do it just so I'm not afraid of it anymore.: Jeremy Renner,3
When I see @ArianaGrande in September I'm gonna dance the night away EVEN HARDER for all those who suffered in #Manchester. Fear can't win!,3
the way South Africa is right now we live in constant fear. We just need to repent and ask for Forgiveness for we have wronged God in so,3
"++ in secret and in public have their reward with their Lord: on them shall be no fear nor shall they grieve.\"" (Al-Quran 2:274)",3
It doesn't matter the tragedy reactions are what save lives. Unity is what will help you over come the fear and determination will heal you,3
Or is that just the fear we've cultivated around finding the root of our interpersonal problems and actually addressing them?,3
my biggest fear is that someone will watch my snap story and that Bella Thorne ad will play after it,3
It's a reflection of Saudi Arabia's utter desperation and fear of Iran that it is resorting to unwind decades of work toward independence,3
Here's what happens- Islamic extremists attack a community and instill fear. Leftist media won't let anyone talk about it,3
"2\/2  the horse has bolted it looks like we are doing something active while keeping the level of fear high amongst voters to re-elect us\""",3
Hope is the only thing stronger than fear.\n\nKaogmaFestivalWith KISSES,3
The fear of the LORD is the beginning of knowledge; Fools despise wisdom and instruction. (Proverbs 1:7),3
Your redemption won't grow stale\nWe are now just setting sail\nOn the seas of what we fear\nTreason now is growing near to me,3
never let fear win,3
Stop using social media to instill fear &amp; cause more psychological warfares.Shame on everyone that uses social media to advance such causes.,3
Rascal Flatts - My Worst Fear,3
There is fear of leaving politics to those who cannot judge whether they are right or not. That's a terrible story!,3
Focus on where you want to go not on what you fear. - Anthony Robbins #quote,0
I'v dug two graves for us my dear Can't pretend that I was perfect leaving you in fear.,3
Fear gets you nowhere..,3
@seanhannity Did anyone ever tell you you are nothing but a liar and fear mongering ass?,3
love is intrinsically bigger than fear,3
I mean the news media that peddles fear because ratings and profit &gt; providing accurate information and truly insightful analysis.,3
Some people's tweets imbis makatulong they induce fear. Or they give wrong info. Wag na lang mag-tweet okay?,3
Some helpful relaxing wr ting promptsn fear deadline blinking cursor terror sweating whiskey life goals pantsless.,3
"\""Better beans ani bacon in peace than cakes and ale in fear.\"" Aetop",3
I sometimes fear my ability to find out things so quickly and so thoroughly.,3
Thus the problem is not identified people continue to live in fear and the next attack is already being planned. It's a vicious cycle,3
Hexakosioihexekontahexaphobia is the fear of the number 666.,3
At the end of the day fear is our most dangerous enemy.,3
People shouldn't feel the need to fear for their lives every time they decide to attend a concert. Sad times indeed. #ManchesterBombing,3
If patients knew the risk\/benefit of individual diagnostic scans it may help to reduce public misconceptions\/fear of radiation #MedRadJClub,3
I'm fear of thunder hmmmmmmmm,3
please please stop spreading news that hasn't been verified you may be spreading terrorist propaganda that will further create fear. 1\/n,3
I know that Ariana is back in the US. But if she does come back then i think everyone should attend. And not be in fear.,3
@justinbieber Hope is the only thing stronger than fear.,3
To think that there's some kid out there glad that summer is coming because they don't have to fear their bully for a while,3
On the other side of fear lies freedom! - JB Glossinger #quote,0
I don't fear people in high positions of power because I too hold a position of a higher power! He trumps ALL!,3
The LORD is my light and my salvation; Whom shall I fear? The LORD is the defense of my life; Whom shall I dread?  (Psalms 27:1),0
"\""You can use fear to influence the way people vote\"" --Kevin Spacey @TODAYshow",0
"My favorite protest signs were from Stewart\/Colbert's\n\""Rally to Restore Sanity and\/or Fear.\""\nThat movement could use a redux albeit futile.",3
Who needs a lie with people mandating a chemical regimine after giving up another groups imposing addiction fear and control?,3
#AskJonaxx @jonaxx_wp greatest fear?,3
I fear only myself,3
Faith is the best antidote for fear,3
Proxy political powers underwrite fear based ego centered political demagoguery&amp;dissonance as political seedbed&amp;playbook of nursing disunity,3
Fear is the mind-killer #FakeNews,3
"\""What's your greatest fear?\""\n\""To be forgotten by a person who I could never forget.\""",0
We can tone down the fear by raising up the gratitude. #grateful for the love I recieve.,3
"\""A fear will only make you weak and lose confidence. Ignore the fear and proceed your step!\""",3
Loneliness is not a fear being stagnant is.,3
My biggest fear is blinking missing a whole year and thinking I was trippin,3
The problem is freedom has taught kids to think they are above their parents and has made parents fear being strict. #Morals&amp;ValuesAreDead,3
"Here's a quote I've created to help people with their lives:\n\n\""You don't learn through fear you learn through experience.\""",0
"\""The fear of the LORD is to hate evil; Pride and arrogance and the evil way And the perverted mouth I hate.  (Proverbs 8:13)",0
I may have a fear of spiders but if my dog drops her ball in a spider web I will 100% put my hand in to get it for her #truelove,3
Islamaphobia is not real because a phobia is an IRRATIONAL fear. Fear of Muslims IS rational given what some are doing worldwide these days.,3
"\""Forgiveness removes fear that's why it's such a powerful weapon.\""",0
To be honest i'm feeling a fear innocent civilians of places like Syria have been feeling for years daily,3
@realDonaldTrump these people do not fear GOD like Americans do,3
"\""...and back then kids could still go for walks at dusk without the fear of ending up on a milk carton.\""",0
why live in fear?,3
MY GREATEST  FEAR: It is when someone out there dies without Jesus Christ..Am scared when I  imagine the pain there after..,3
Humble out of respect  not fear.,3
The Manchester attack is evidence of the growing and evolving terror threat. We must meet the challenge head on and never with fear.,3
I'm losing my grip on reality\nI've seen no one else here and now I fear I am dead,3
we can't always change it and we don't have to feel guilty for feeling more fear when it's closer to us - but let's just not forget!,3
Please don't live in fear... that's what they want. We won't let them win... stay safe everyone and i love you with all my heart!,3
@jonaxx_WP Greatest fear? #AskJonaxx,3
I'm talkin fear,3
The ones who do go out wouldn't talk to each other. This would be because of both fear and that many don't speak the same language.,3
@Tony_BATtista Fools rush in where angels fear to tread &amp; he who hesitates is lost.,3
why can't we go anywhere without having the fear of something like this happening everywhere we go something like this can happen+,3
"#WednesdayWisdom \n\""The oldest emotion of mankind is fear. The oldest fear is fear of the unknown.\""-- H.P. Lovecraft",3
#DemocracyMustWin because those people that cause fear despise our ability to elect a government of our choice.,3
I think there's a diff between the fear of falling and fear of heights..,3
"\""respect all fear none\""",3
why can't we go anywhere without having the fear of something like this happening everywhere we go something like this can happen+,3
What's your worst fear ?,3
I see Trump fans now claiming Russia as friends and saying Mexicans threw our election. So many enemies so little time. #ignorance #fear,3
let's not let fear overcome us what we need more than ever is solidarity and hope for more humanity in this world. #PrayForMarawi,3
A cup of tea going cold is a very big fear of mine #BritishThreatLevels,3
Can't have no fear out here ...you a target if you show love,3
"..and \""Fear is the mind-killer. Fear is the little-death that brings total obliteration.\""\nFrom Moby Dick",3
Please don't feed off other people's fear,3
By being shapeless and disciplinary he is able to remain independent independent and thereby to inspire fear ('respect').,3
What these Morrissey comments have shown is like many from his generation he has a strange distrust and fear of foreigners.,3
"\""My fear of failure never approached in magnitude my fear of 'what if?' What if I never tried at all?\"" - Will Ferrell",3
Faith is the best antidote for fear.,3
Don't fear the light that dwells deep within. You are powerful beyond what you imagine. Just let your light glow. Reality Check- @noname,3
peace and love will win fear will lose,3
The only thing we have to fear is fear itself. -Franklin D Roosevelt,3
Sorry I would never go on that show Fear Factor no thank you!,3
"\""Love casts out fear and gratitude can conquer pride\"" - Louisa May Alcott",3
#IStillHaveFaithIn Love. It will never fail &amp; will win over fear,3
Black people's racism is more of identification or reactionary caution rather than the malice and fear of white supremacy #wednesdaywisdom,3
but we do fear no being found worthy..or being 'naked' and ashamed b\/c we are not covered in that celestial garment,3
8\/10 issa lyric. No fear.,3
People are cancelling their concert tickets for concerts in London? Fear is really crippling people,3
"\""Love casts out fear and gratitude can conquer pride\"" - Louisa May Alcott",3
If I could smoke fear away I'd roll that mother fucker up,3
Write about someone of questionable morals facing their worst fear in a parking lot. #writingprompt #writing,3
"Looking back on the protest signs from Stewart and Colbert's \""Rally to Restore Sanity and\/or Fear\"". They're my favorite hahaha. Sigh.",3
I find protection against Boggarts being laughter v wise. Make fun of the thing you fear so much maybe it'll feel a bit better.,3
People in the past only fear natural calamities.\nNow they have to fear both.\nWhen did the world go wrong?,3
when you realize you can still act through fear everything becomes a little easier,3
Do not be wise in your own eyes; Fear the LORD and turn away from evil.  (Proverbs 3:7),3
"@GousSayyed #MissionSaved - \""Curiosity will conquer fear even more than bravery will.\"" #ChooseHappiness",3
The darkness that surrounds us cannot hurt us. It is the darkness in your own heart you should fear.,3
If we live in fear then they win don't let them! Go out see your friends live LOVE!,3
This is the exact time when people need to be spreading love support and being apart of a community don't hate don't let the fear win!,3
When I die I wanna be cremated. I have this autistic fear that when you die your spirit is chained to your body. 1\/2,3
It seems pretty clear that Theresa May is using the situation to spread fear. Absolutely repugnant behaviour.,3
I'm so fucking sensitive because of what happened. I'm literally in fear.,3
Living in fear...,3
i've dug two graves for us my dear can't pretend i was perfect leaving you in fear,3
Fear and greed drives markets:\n\nWhen the frightened move out of the way (those selling at 195-7) then #ethereum returns to $200s\n\n#eth #ETH,3
Take away my fear and make me strong enough .,3
Isn't announcing the threat level being critical and an attack being imminent causing more public fear? #BritishThreatLevel,3
Fear is more than likely what is hurting your #SEO efforts. Keep your money site safe build those links! #smm #sem #mlm,3
edaccessibleRT SusanGilbert: To live a creative life we must lose our fear of being wrong. - Joseph C. Pearce #quote,0
Do not be wise in your own eyes; Fear the LORD and turn away from evil.  (Proverbs 3:7 NASB),0
Spreading more hate and fear is just one of the extremists' objectives. Further divide won't solve anything nor help victims recover.,3
I see how your attention builds it's like looking in a mirror\nyour touch like a happy pill but still all we do is fear ah ah,3
Drake - Fear,3
Nothing is terrible except fear itself\n\nNeverBackDown MARVOREE,3
I have an irrational fear of logic.,3
Having a fear of holes AND dyshidrosis (little hole like blisters) is a fucking nightmare.,3
We don't operate in fear.,3
Im Ready For A Wave Of Political Fear To Wash Over This Land\nWhen Politicians Live In Absolute Terror For Their Lives,3
"Until former Muslims can say \""I left Islam b\/c this is what it teaches\"" W\/O fear nothing will change.",3
@marblesculptor + @DavidHevey1 - two of my favourite people.. What is it people fear so much about disability?! Xxx,3
Terrorism is an act committed by COWARDS who use fear to gain attention,3
Kopophobia is the fear of fatigue. #blog #blogger,3
Xenoglossophobia is the fear of foreign languages. #socialmedia #marketing,3
Panthophobia is the fear of diseases. #us #usa,3
If you want to conquer fear don't sit home and think about it. Go out and get busy.,3
Atleast you fear i fear nothing. I could die and be 100% ready for it. I could cross the road have a car come at me and have time to move.,3
If your thoughts originate in love follow them. But if they originate from a place of fear then dig deep to find the root of your fear.,3
#NationLovesIndianArmy It is high time for nationalistic youngsters in all parts of India to move to Kashmir without fear and occupy Kashmir,3
.#WednesdayWisdom \nSpiders can smell your fear of them and see your spider nightmares while you sleep. Don't let them live when you see one.,3
"\""everything you want is on the other side of fear \""",3
Rachael_Swindon#DemocracyMustWin because those people that cause fear despise our ability to elect a government of our choice.,3
"\""The fear of the LORD is to hate evil; Pride and arrogance and the evil way And the perverted mouth I hate.  (Proverbs 8:13 NASB)",3
Next ep about heights and may fear of heights si maureen,3
"\""we don't operate in fear\""",3
The moment we stop killing each other out of terror fear or something miniscule is the moment I will believe we are moving towards peace.,3
We have the resources to lead the charge towards equality yet we stay chained to outdated beliefs &amp; fear. #txlege,3
Fear God not them.,3
pakistan will become tiger of south asia when he comes###imran the hpehope will beat fear,3
"\""You need not fear the terror of the night\nNor the arrow that flies by day\nThough thousands fall about you\nNear you it shall not come.\""",3
Dear lord please help me through this fear of failing matric I'm doing all I can it's hard but I refuse to give into this fear Amen!,3
Smiling is the best way to face every problem to overcome every fear and to hide every pain.,3
SELL THE SAFETY ...create the FEAR ...PULL up a chair have a beer a couple of month all will be clear,3
like i listed my fear is oppa disappearing. but now im waiting for it to happen!,3
My biggest fear is on some Tuesday morning you'll wake up before me and instead of leaning in and kissing me on the cheek..,3
"\""I would be so sad if I died while I was on a diet...biggest fear.\"" -Eileen Dada",3
Nothing makes me cry like the reminder that _we have left the planet_ or the fear that we're not going to do so again.,3
Why do I have a paralyzing fear of insects.,3
.Spiders can smell your fear of them and see your spider nightmares while you sleep. Don't let them live when you see one. #WednesdayWisdom,3
Yeathough I walk through the valley of the shadow of deathI will fear no evil;For You are with me;Your rod and Your staffthey comfort me.,3
Your need to possess creates fear. Let go of the need to possess the need to have and let yourself be.,3
@amirkingkhan You at it again. You are so fear ridden its unbelievable. @SpecialKBrook will meet you sooner or later. And he will retire you,3
yea but possessed life truth this there is really nothing to live for. Soso hears voices and sees fucked up things. like we use fear.,3
Why are we living in a world filled with fear rapist terrorist murderers.. it's pathetic. God didn't create us for this,3
....grant you all your wishes like he's a fucking genie he'd despise you! Forget living in fear of D Day it doesn't exist....,3
Can't pretend that I was perfect leaving you in fear,3
When you set the fear aside you can accomplish that which you could not yesterday. #whyirun,3
Yung fear nya of losing him in real life manifested sa eksena na yun.\n\n#DTBYInYourSleep,3
peace will win and fear will lose.,3
Daw gaabot na worst fear ko haw,3
Fear and terror everywhere.,3
I used to role the dice\nFeel the fear in my enemy's eyes,3
"What does deploying the army in the streets do beside cause more fear and intimidation and really cement the \""they're against us\"" narrative?",3
may fear of heights pati si mau oh no,3
Not one sole god that divided us. These religion are creating fear by targeting differences. Your religion was written by man! Man who hated,3
There's a lot of talk about terrorism and radical religionists but please remember that hate does not stem from religion it stems from fear,3
Everything you want is on the other side of fear. Go and get it! #wednesdaywisdom,3
Noticed a strange bite on my finger this morning and I can't help but fear the worse.,3
I can't stress enough how unhealthy it is to stay w someone out of comfort or fear of hurting them.,3
All the dinosaurs fear the T-Rex,3
Motivated by the fear of being broke,3
Editorial: Show courage instead of fear,3
Sometimes I confuse myself whether it's fear or laziness idk tapi layan je either way,3
In defense of Trump I'm pretty sure there's no actual 'collusion' with Russia. I think his fear stems from what else Mueller may find.,3
Googles whether its normal to have an irrational fear of change and the future in general,3
Faith over fear,3
Courage is not absence of fear. It is a condition where fear is well managed.,3
@donghae861015 and some residents are leaving their place due to fear that they would ne targeted next,3
Laziness pays off now is an *oracle* without fear... of the.,3
perfect case of Atychiphobia: the fear of failing.,3
Don't let fear stop you from doing what you want to do.,3
Fear is an illusion,3
Sometimes our minds our conditioned to stay comfortable out of low self-esteem or fear.,3
"\""the presence of fear is a sure sign you are trusting in your own strength.\""",3
The greatest prison people live in is the fear of what other people think. #WednesdayWisdom,3
This makes me incredibly afraid to go see Ed Sheeran in September.. But I can't live in fear.,3
So angels please. please stay here. take the pain take the fear,3
My biggest fear is on some Tuesday morning you'll wake up before me and instead of leaning in and kissing me on the cheek..,3
Ah yes my sweet. Layer by layer. The frozen heart of fear and resistance. Co-dependency is the most spiritually untutored part of us. That's,3
Face EVERYTHING And Rise - FEAR\nGood morning World #godisgood,3
It scares me to think what kind of world I've brought my son into. But that fear is lessened when i see how we stand together in defiance,3
Tories giving into terrorists  by putting army on streets as cut Police &amp; ramping up fear. Corbyn has right message for this place\/time,3
All the cameras and files \nAll the paranoid styles\nAll the tension and fear\nOf a secret career,3
Hope is stronger than fear.,3
My worst fear is having someone switch u,3
You gotta treat a big girl like a bear in the wild..stand up and show her you not afraid...take her ass down.. They can smell fear,3
Your opinion isn't perfect &amp; neither is mine but talking is how we grow. Fascists would love to silence us for fear that we're not perfect.,3
"\""I'm here for fear of my son but he seemed to have grown. Now I can be a little more quiet.\"" (Mother sakura - CCS)",3
Fear will not silence our faith. Every giant before us WILL FALL and we will have SWEET VICTORY in every area of our lives!,3
"Ladies if u have visceral fear of \""toxic masculinity\"" and feral men (and u well should) the solution is virtuous masculinity not weak men",3
Fear makes us feel our humanity. - Disraeli Benjamin #quote,0
I fear Greeks especially when they bring gifts,3
'pag gud galing ka sa break-up wherein nasakitan gyud ka it'll be hard for you to entertain ppl again kay the fear will always be there,3
Your mind is your prison when you focus on your fear. - Tim Fargo #quote,0
im still a scared rabbit in the middle of the forest of fear,3
On the other side of fear lies freedom! - JB Glossinger #quote,0
Focus on where you want to go not on what you fear. - Anthony Robbins #quote,3
With or w\/out martial law terrorists will still be terrorists. Declaring it wld only affect civilians &amp; harness more fear...,3
Focus on where you want to go not on what you fear. - Anthony Robbins #quote,0
too many folk getting colds right now and it's giving me the fear im never spared when this happens washing my hands 50 times a day man,3
What we fear doing most is usually what we most need to do. - Tim Ferriss,3
don't fear no man or no object bullfighter I been working on my sidestep..,3
Fear makes us feel our humanity. - Disraeli Benjamin #quote,0
divorce from #duhth and #bitney denied apparently. don't fear the unauthorized biography.,3
In Order To Succeed Your Desire For Success Should Be Greater Than Your Fear For Failure.\n#Motivation #MakeMoneyOnline,3
its funny. i tell you im scared of it happening. telling you its my greatest fear. that i dont want it to happen.,3
I got a life in my gripshe holding tight to my wrist She screaming Dnt let me slip She see the tears in my eyes I see the fear on her lips,3
The key to change... is to let go of fear. #ALDUBxDTBYInYourSleep #DTBYInYourSleep,3
the only thing I fear... Is another tory government.,3
"\""we don't operate with fear.\""",3
and the name of the game is 'keep you living in fear',3
To own is to fear. - Danish proverb,3
Conquer fear with God's hope \n#PrayForMarawi \n#prayforbangkok \n#PrayForManchester \n#PrayForTheWorld,3
Imagine being that incapable of dealing with fear that you'd be prepared to ruin innocent people's lives for the sake of your own,3
Your fear is 100% dependent on you for its survival. - Steve Maraboli #quote,0
the fear na baka maulit ang nangyari... na oo nga mag-work mo sa sugod pero time will come na bya-an ka rin niya bc ppl are temporary,3
The purpose of fear is to raise your awareness not to stop your progress. - Steve Maraboli #quote,0
"Terror attacks are designed to make us afraid: \""But God has not given us a spirit of fear but of power and of love and of a sound mind.\""",0
Your mind is your prison when you focus on your fear. - Tim Fargo #quote,0
Never fear shadows. They simply mean there is a light somewhere nearby.\n\nRuth E. Renkee,3
Don't let fear dictate your moves. Just go get it,3
The fear of the Lord is the start of knowledge: but the foolish have no use for wisdom and teaching (Amsal 1:7),0
Your fear is 100% dependent on you for its survival. - Steve Maraboli #quote,0
the fear na baka you won't be able to offer them your heart kasi sirang-sira ka pa,3
The beauty of these prayers is overwhelming the kindness of the Good Shepherd so fear-shattering.,3
Also don't let the fear of not making enough money keep u from following ur dreams. If u r doing something u r passionate about success will,3
Nothing good ever comes from fear.,3
One of the Peter Lawler's most important insights for me was how we are fundamentally relation beings. I fear many have forgotten this.,3
I deadass had to block him on all social media cause i fear for my safety after the psychotic stuff this guy said over being rejected,3
Crosby stokes fear &amp; racism to win elections. He has done it before &amp; now he's doing it again. He failed with Zac let's hope he fails again,3
Hugo Theart:We should not fear social media but use it to our advantage  @SACulturalObs #SACO2017 #SACO2017 #ObservingCCIs,3
Pretending you can't smell that fart in a crowded lift for fear of causing embarrassment #BritishThreatLevels,3
No fear!\n\nFear: someone saying my full name in a angry tone.\n\nOne fear!,3
Everything you want in life is on the other side of fear.\n-Will Smith,3
My biggest fear is being wasted potential,3
Pr. 24:21-22My sonfear thou the Lord and the king: and meddle not with them that are given to change:For their calamity shall rise suddenly,3
When faced with the same challenge over and over it's not human nature to grow a tolerance...they grow a fear,3
Any time Tajudeen arrives at the Uganda Embassy it trembles with fear - @okellooculi \n#CDDWAfrica\n#TajuMemorial \n@HassanIdayat,3
Sending my condolence to fear. #they will not get us down,3
I will fear no evil because God you are here.,3
"\""Fear doesn't shut you down it wakes you up.\"" -Divergent Four #AdviceFromMovieCharacters",3
Imagine being that incapable of dealing with fear that you'd be prepared to ruin innocent people's lives for the sake of your own :S,3
Armed soldiers on London's streets feels very unBritish. None patrolling in Manchester. And fear no deterrent against suicide bombers,3
11\/26 The grueling hours of training and rehearsal are invisible to us. We never know of the anxiety and fear that goes into each time they,3
"\""Land of the free!\"" \n*shackles college graduates with debt*\n\n\""Home of the brave!\"" \n*literally builds giant wall out of fear*\n\n#murica",3
The only thing we have to fear is fear itself,3
Learn the best techniques to overcome your own fear of shots and #medicaltreatment. Fearless Medicine #med #needle,3
If you don't conquer your fear you're letting your fear conquer you.,3
Even though I walk through the valley of the shadow of death I will fear no evil for you are with me.\nPs. 23:4 \n#PrayForTheWorld,3
I don't know who is reading this tweet find beauty in your pain. God gives Strength for fear Gladness for mourning &amp; Peace for despair!,3
Focus on where you want to go not on what you fear. - Anthony Robbins #quote,0
On the other side of fear lies freedom! - JB Glossinger #quote,3
Unfortunately this is now the world we live in. Fear and hate. Cowards and idiots hurting the innocent. R.I.P for the victims. #Manchester,3
can't fear the police if you can't hear them,3
You lose so much at once that u no longer fear the fear of losing.,3
I just want you to know I believe in you today. Everyone has those moments of fear and doubt. Keep pushing. Trust God and keep grinding!,3
all i can remember about meeting ariana was hugging her. my memory is so clouded with such fear now and it's awful,3
What better way to face your fear than to face it head on,3
God's Love flushes out all Fear.,3
UCCP: Let us not fuel the fire and fear by sharing unverified information in social media or through word of mouth. | @janvicmateo,3
Courage is not the absence of fear. Brave man is not a man who no feel afraid but he who succeeded in the face of fear.,3
I'm either way too early for the bus or running to catch it. Sometimes also running in fear of missing it and then being too early. #ohwell,3
If I can smoke fear away I roll that motherfucker up #fear,3
"\""YOUR COURAGE TO BE GREAT HAS TI BE GREATER THAN YOUR FEAR OF BEING HURT\""  -LONNIELYLE2K17-",3
On some gshit there's really not a soul on this earth that put fear in my heart. So talking shit to me is so pointless,3
My biggest fear would be losing someone I love I'll never get over it.. My heart is aching for the people going through this right now,3
Courage is not the absence of fear. Brave man is not a man who no feel afraid but he who succeeded in the face of fear.,3
Maybe we can't be that honest open and vulnerable because we fear rejection and pain.,3
Tripping has to be the biggest fear at graduation right?,3
Still thinking about what happened in Manchester. Music and concerts is such a huge part of my life I will not fear it. They will not win.,5
My fear for planes has been replaced with passive aggressive tweets,3
Don't let fear stop you from doing what you love.  Don't let them win.,3
youtube astrologers always inject Fear into their videos for Reoccurring Revenue. That's why NO MATTER WHAT you hear negative BS.,3
To fear love is to fear life and those who fear life are already three parts dead.  Bertrand Russell #bertrandrussell,3
"\""Your courage to be great gas to be greater than your fear of being hurt\""\n-LonnieLyle2k17-",3
why fear the martial law when you should be scared about what Maute Group and ISIS can do?,3
Fear vanishes when suppression reaches its limit\n#TerroristGogoiRewarded,3
Everything you want is on the other side of fear,3
yall if ppl wanna stay at home bc of anixety about the attacks they can totally do that. it's not them living in fear it's them knowing-,3
Let's not be afraid for when we fear that's when the enemy wins #BlueAboveRed #PrayForMarawi #PrayForPhilippines #PrayForTheWorld,3
#WednesdayWisdom God has not not given us a spirit of fearbut of power and of love and of a sound mind. 2 Timothy 1:7,3
"\""hever let the fear of strikini out get gn your way.\""  Ba e Ruth",3
@jonaxx_WP what's your worst fear? #AskJonaxx,3
Always had a fear of something flying into my mouth drinking from a water fountain &amp; it's just happened in the gym &amp; I'm sure it was a bogey,3
I nvr rlly knew fear until i had to remain stranded in a stranger's house far fr my family&amp;bear the sounds of gunshots. #PrayForMarawi,3
Let the light of faith guide u during the time of hardship&amp; adversity don't let the fear and negativity affect u.\n\nKaogmaFestivalWith KISSES,3
It's taken me a while but I've been finally figuring out how to actually do the things Dune's Litany Against Fear describes.,3
"\""You never feel pain do you?\""\n\""Pain? You'll always feel it... but you don't have to fear it.\""",3
400 years of whippin and feeding new born babies to alligators got my people in fear we gotta break it,3
we need to start with bringing fear to Terrorists not letting them terrorise a country bring back the hanging for terrorism @JodieMarsh,3
The Lord is my light and my salvation\nwhom shall I fear? The Lord is the strength\nof my life of whom shall I be afraid? (Psalm\n27 vs 1),3
my worst fear is losing you,3
The only tory statement in their manifesto you can guarantee in a GE is project fear.,3
@laylaanwar The only things holding it together here in the states and in the West are fear and an intense belief in self importance.,3
I don't fear no man or no object,3
#StandWithHannity\nThat's what was such a joke to me all this false fear about Russia when CIA has done so much worse.  I #StandWithHannity,3
Now I know we grieve and the Manchester explosion is not something to throw under the rug. But we have to stand strong and not live in fear.,3
Run for the sake of your Lord for the generosity of the sky and for the fear of Allah (AL-I IMRAN \/ 133),3
' Cherophobia ' is the fear of fun !,3
Anybody else ever scared to sleep on a plane not because you fear a crash but FOMO on the free airline snacks and beverages? Just me? Ok,3
Since Manchester attack Why don't we concentrate on provable &amp; recent history as it shows just how evil animals have made FEAR a weapon!,3
Yea we are gonna see the Truth shine in the Word of God yea Bow to The Lord in the Truth all ye who fear him.,3
Goal of terror is fear. If ur on social media terrorizing folks you're a terririst too. Life &amp; death are in the power of the tongue &amp; thumb,3
...the terrible fear of saving your enemy's life by mistake...,3
I always wondered how McCarthyism was allowed to happen - I never reckoned on how comfortable ass white people react to fear though.,3
"Retweeted Relebogile (@RELEH_RIRI):\n\nMy biggest fear is to say \""Hauwei\"" in public",3
Clients fear arbitrary decisions  they want problem solving. Have a reasonrfor everything even if this is post-rationalised'.,3
Is Qaddafi still in power? Exactly. As far as I know UK law doesn't work that way. Your hate and fear are irrelevant. @PowellPolitics,3
It doesn't help my fear of socializing w\/ other people is increasing again (((((((;,3
I got over my fear for a man... My mother was scared to drive to NJ...she got over it to come fuss at my Daddy\/her future husband.,3
Once you've been hurt you're so scared to get attached again. You have this fear that everyone you like is gonna break your heart.,3
Fear of spiders is araconophobia fear of tight spaces is claustrophobia fear of Chuck Norris is called Logic,3
like as absurd as it sounds I genuinely fear seeing people from high school even now that I'm at uni and when I was in Sydney and-,3
"\""Fear does not have any special power unless you empower it by submitting to it\"" - #LesBrown #quote",3
@halsey I'll get straight A's in school next year? \n\nI'll do more community service? \n\nI'll donate blood even if I have a fear of blood??,3
Most of the time there is no focused effort. Only the stressed and their stresses. What I hear is the intention to persuade. Fear.,3
Tony Tuff doesn't worry about high gas prices. His vehicles run on fear. #ShiaLaTuff,3
Fear of the dark fear of the dark\nI have a constant fear that something's always near,3
He gon be like I never seen a Brooklyn murder that made me fear this city nigga I ain't never seen a Chicago murder that make me fear da chi,3
Fear of the dark fear of the dark\nI have a phobia that someone's always there,3
@ManUtdInPidgin fear dey catch me oh,0
I had to play as Solider 76 one time bc my team sucked and let me tell you it was the biggest rush of power and fear I've ever felt,3
sabi ko sayo greatest fear ko yon eh...,3
"#WednesdayWisdom #PikeCreekMortgageRock\n\""It often requires more courage to dare to do right than to fear to do wrong.\"" -Abraham Lincoln",3
Every fear hides a wish.,3
Fear is the only god.,3
God is the reason  why even in pain I smile; In confusion I understand In betrayal I trust; and in fear I continue to fight.,3
BJP deliberately created an atmosphere of fear during UPA's time. Now they are pushing the same UPA policies they had vociferously opposed.,3
I fear recent events will mean tories are even more likely to win this election unfortunately,3
"@koji18now #MissionSaved - \""Curiosity will conquer fear even more than bravery will.\"" #ChooseHappiness",3
in America that fear just vanished and I was so relaxed I literally was almost another person I love holidays for that reason,3
Only fear two things with three letters dawg\nThat's G-O-D God and my fucking initials,3
MYPOWERGIRLS who helped me beat this struggle who cried fight and stand with me in fearfright and HAPPINESS..,3
BJP deliberately created an atmosphere of fear during UPA's time. Now they are pushing the same UPA policies they had vociferously opposed.,3
"\""What separates men from lesser men? Fear.\""",3
I'm honestly fearful of life and live day by day with fear in my heart,3
Although as sad as it is that's what they do those atrocities for. To send messages by fear .,3
I wanna wear a wig so bad but I have this irrational fear that it's gonna fall off or something lmao,3
I fear the almighty and what he does in my life...,3
Any remaining evil on this planet needs YOUR FEAR and ANGST &amp; ANGER to survive !!!  The evil ones cannot survive here without it !!,3
Fear Of Broke,3
@ToBrad1 Good luck to you big man.  You owe us (Tar Heel Fans) nothing.  I do fear you have made a poor career choice but enjoy that quick$,3
My greatest fear and source of great shame has come true. I actually like the new Harry Styles song.,3
#KTVU I don't go to large sporting events or concerts just a fear of big crowds and of negative things happening,3
It is time to move from fear to love from less to more from isolation to inclusion from separation to oneness.,3
The enemy is fear. We think its hate but it is fear.,3
On average people fear spiders more than they do death. #Fact,3
WE WONT OPERATE IN FEAR.,3
In this time of fear\nWhen prayer so often proves in vain\nHope seems like the summer birds\nToo swiftly flown away,3
The purpose of fear is to raise your awareness not to stop your progress. - Steve Maraboli #quote,3
A corrupt racist dehumanized upside down Apartheid state\nFull of fear and hate\nCannot bring peace \nWhile the priority \nIs deceit\nOf humanity,3
@glennbeck Life has danger. Always has always will. Perhaps if you stop talking endlessly about fear you won't be afraid. No fear here.,3
Making myself consciously drink a gallon of water every day is going to be the fear of me let me tell ya,3
I used be afraid of being alone but now I fear having the wrong people as company.,3
"tbh upsets me how often \""ISIS\"" is thrown around when the majority of the time it's not ISIS or them directly and it really spreads fear",3
With souls made of dream and idea hope and fear\nEndless possibilities.\n\n-Threnodies 5:6,3
When #Jesus is in the connection you won't have to fear the Devils infection.,0
I Have No Fear in Telling The Truth\n&amp; Stating The Truth I am including Myself in it too\nThat Perda is For Our Own Safety\nPerda is Our Pride,3
My worst fear is losing you.,3
"\""Because hate doesn't come from religion it comes from fear.\""",3
i always fear i'm downloading furry porn when i'm done lmao,3
Looks like 'Project Fear' has been superseded by 'Project Scared.' \n\n#operationtemperer #GE2017,3
Sometimes the mistake we make is that we fear that we will make a mistake.,3
We don't operate in fear - @NICKIMINAJ,3
you always said your biggest fear was to lose me i guess you decided to face your fears and walk away.,3
@laylaanwar Just spread fear hate death destruction chaos then lie and say the ones they destroyed were backwards anyway.,3
#DontPrayForManchester Do something useful. Don't let fear of erroneous charges of racism or bigotry stop you frm LOUDLY opposing extremism.,3
if she cancels she does it all in fear for not herself but us. because she cares and fears for anything similar to happen,3
like genuinely apart from instinct\/reactionary fear nothing scares me more than blackness and loss of sense... eye surgery = heavily both,3
@CrispOperations It's a question of whether a computer on company time. Networks help alleviate that fear. 47b5eefc,3
Women who don't want kids are subjected to a different kind of stigma. There's a kind of fear\/hate in it,3
Don't let FEAR of \n                 FAILURE prevent you \n         from FLYING,3
"dude i fear in this day and age if i die or something and my eulogy is written by a younger friend it'd look like \""rie died today :((((;\""",3
Yeah you you spreading\nHate fear bias but you know what?\nThe world rejects it.\n\n#haiku,3
We shouldn't have to live in fear 24\/7,3
I ain't living in fear of no terrorist attack fuck them and all this fear mongering,3
"\""but i guess the thing about fear is that it defies the laws of rationality. It creates its own laws instead.\""",3
Sirens never used to make my chest tight with panic but we never know what's coming. There's a valid fear of the unknown.,3
New Title Playing\nSal (OneStrong iPhone) is now watching Fear the Walking Dead - North.,3
I'm sorry but I don't trust no Naga player that doesn't fear that iconic line,3
"trump puts fear in terrorists' hearts by responding to attack- \""i will from now on call them losers... bc that's what they are; losers...\""",3
Do not fear failure but rather fear not trying,3
True Life: I have a fear of requesting time off.,3
Doubt. Fear. Self-criticism. Reduce the intensity of stress &amp; emotional turbulence by just naming the emotions or mindstates as they show up,3
@Ike_Saul Belatedly read your skydiving article.  Nicely written! Did it make a long-term difference in your fear of heights? I'm similar...,3
You fear that you'll never meet another so pure,3
yeah great ill want my money back to but all i really care about is that ariana does recover in her fright and fear we will be okay.,3
I woke up in fear because I had a dream my cat ripped up and chewed my going svt wonwoo poster and I thought it actually happened,3
Don't fear the reaper,3
But fear not for although children aren't taught how to make a difference to their country at least they can solve simultaneous equations!,3
7 years old think you run this shit by yoself nigga you gon fear me if uon fear no one else,3
Courage is resistance to fear mastery of fear - not absence of fear.,3
I hate seeing all these people only sharing possibly new threats and fear \nWe don't need that at all we need courage and love,3
Focus on where you want to go not on what you fear. - Anthony Robbins #quote,3
"#AdviceFromMovieCharacters \""Fear of a name only increases fear of the thing itself\"" ~Hermione Granger~",3
The key to change... is to let go of fear. Rosanne Cash #quote,3
I have fear of hights and crashing down from 20 feet in the air would make me pass out &amp; i would have to be help to the back.,3
life is precious and those who choose to pray on the innocent and promote fear are cowardlya shadow of hate.My heart is with you#Manchester,3
If i could smoke fear away I'd roll that muthafucka up,3
Overcome your fear young fella,3
Looking at the Star Wars pictures in vanity fair I fear for my wallet when @elhofferdesign sees them,0
There are many who dare not kill themselves for fear of what the neighbors will say.,3
until now di pa ren talaga ako stable and theres still this fear of those cruel terrorists pero i trust my man up there.,0
#Fear is the #tax that conscience pays to guilt. George Sewell #teamfollowback,3
Let's try out anything you don't know. Face challenges without fear.,3
Every time I hear a loud noise I get a shudder of fear down my spine. When will this shit end????,3
Abuse of power during Martial Law is what most people fear. We want this to end right? But we really need to be vigilant.,3
Behind the heat of desire love FEAR.,3
Smiles can hide so much; fear pain sadness tears. But than again they reflect one thing: strength.,3
Trichophobia is the fear of hair. #blog #blogger,3
Taurophobia is the fear of bulls. #socialmedia #marketing,3
Contreltophobia is the fear of sexual abuse. #us #usa,3
If I could smoke fear away,3
God has not given me a spirit of fear but of love power and a sound mind .,3
THIS IS BEAUTIFUL I will eventually win. fear will eventually win. fear will sustain,3
Your courage to do what is right has to be greater than your fear of getting hurt,3
@tedcruz u suck!  U dont know crap about international single payer healthcare. Quit ur fear tactics &amp; preying on thz who r scared.,3
just got on the plane aaaa I have the fear,3
Sleep Paralysis is lightwork but I see why niggas fear it,3
I haven't written in 2 days and I fear I won't touch it again until my day off.. in june,3
"\""It is foolish to fear what we've yet to see and know!!\"" - Itachi",3
Fear,3
#Schumer #Sanders #DeBlasio #Pelosi. UR hypocritesliarstraitors! Continued fear-mongering &amp; hatred for anything #Trump is outrageous! Sad!,3
life is precious and those who choose to pray on the innocent and promote fear are cowardlya shadow of hate. My heart is with u #Manchester,3
Our biggest fear shouldn't be not having the things we want but having the things we don't really need that end up destroying us.,3
Damang dama ko yung Fear by Mino feat Taeyang. \n\nPakshet. ABEOJI,3
#WednesdayWisdom\n\nMonitor those who fear coffee and dislike tacos for they are strange and may have ties to the devil.\n\n#wisdom #lesson,3
For how many years will childern in Kashmir grow up in fear and shadows of guns of indians....?\n#TerroristGogoiRewarded,3
Fear not just close your eyes and wait for the miracle of God. \n#PrayForMarawi,3
media keeping the population in fear while I'm chillen,3
2.  Every time terror hits these countries with remarkable timing near elections Muslims must apologize and fear reprisal.,3
You're the fear I don't care\nCause I've never been so high\nFollow me to the dark\nLet me take you past our satellites &lt;3,3
