And the parents being there had no interest in what they were seeing  probably brought a book to read,0
"\""We trained up a young person  local to the area  who had an interest in music\"" - Maria @EDCreates on their work in East Durham #YMgathering",0
After new CB directive 3 months deposit interest rate 10.5% p.a. while credit card interest 29.88% p.a.  Egypt is a banking heaven!,5
and that's where my interest in linguistics started bc the way he analysed texts was so unique and he was extremely intelligent and fun,5
Some people are only interested in your pain if they had a prior interest in you. Luckily  I am not one of those people.,5
This kind of thing is not in the public good or the public interest  it is an invasion into people's lives at a horrific time.,5
what a fucking tragedy  a twitter account with 0 interest in me or my content blocked me. what evvvver willlll i dooooooooooooooooooo,5
17-Have represented Trump &amp; company on many occasions as his legal counsel. Clearly a conflict of interest...,5
Lossing interest in people became a hobby,5
The right choice for you will almost never be in the best interest for someone else,5
#NowPlaying Rahim SCR23 - Unknown - Web radio launched in interest of Tree Plantations. Plant Trees &amp; Raise PerCapita Income.,5
#SOP lots of interest and some big buys today  guessing there must be a overhang but it will not last long with this interest.,5
#BrianMolefe #eNCA CDH is a client of Eskom. Eskom ask them to investigate Eskom. Direct conflict of interest.,5
setiap kali anak buah aku ponteng puasa  dividen untuk duit raya akan di tolak 1.25%. klau rajin pi tarawih  aku bagi interest 1% .,5
Lost interest in u so get lost,0
@VenturefestScot other than registering an interest in attending is it possible to actually register yet?,5
If you don't have a mentor  Twitter and YouTube are a great substitute. Learn from the best in your area of interest!,5
If US banks are supposed to become more profitable as net interest margins rise  why won't they compete away each others profits?,5
Trump acts only in self-interest. He's establishing a kleptocratic administration so he can emerge richer than ever.,5
We have received your resume and want to thank you for your interest in Requisition #2763205.\n\nA recruiter will review your qualifications.,5
The best feeling is having someone show genuine interest in your child.,5
I don't trust easily  I feel like everyone has hidden agendas or doesn't have my best interest in heart.,5
After new CB directive 3 months deposit interest rate 10.5% p.a. while credit card interest 29.88% p.a.  Egypt is a banking heaven!,5
If US banks are supposed to become more profitable as net interest margins rise  why won't they just compete away all the excess profits?,5
Create an eye;catzhin|btitle to create more interest and help SEO,5
#FCTwente midfielder Mateusz #Klich is attracting interest from Championship side Leeds United (Voetbal International),5
I have a strong interest in outer space as a human being's place of migration.,5
@sofi76 If I took your word at face value  you'd receive no interest from me,0
Out of interest  which do you prefer when it comes to studying in Fountains?,5
So I tell dude yeah I'm in love  and that I didn't have interest and he doesn't even apologize and just stands next to jeep for  rest of 10,5
Tbh i lose interest in my training alr,0
Once i lose interest aint no coming back,0
Kleptocracy alert: Trump's placing his and his family's financial interest ahead of the country's.,5
We're at the NEC in Birmingham  @edie live event  lots of interest in practical #datacentre training centre  come and join us for a coffee,5
FED Yellen tap dancing on the dime is unnerving WallSt! Raise interest incrementally! JUST DO IT!May 23  2017 at 07:01AM,5
I'm sick of talking about attendance. It isn't a lack of passion or interest. Bars\/restaurants are packed all over the city  people care.,5
TO POLISH THE GLOBES of gas  or in the interest of minorities.,5
Hai sir good evening  my name Ramesh I interest in politics.,5
Then stand the nut on end  and in the interest of minorities.,5
#NowPlaying SCR3 - SHAMEEM - Web radio launched in interest of Tree Plantations. Plant Trees &amp; Raise PerCapita Income.,5
Authorities know the Manchester bombers which suggests he was a person of interest. It's time to invoke emergency powers and round them up.,5
Suddenly have a huge interest in peachy makeup. Hmmmn,5
I cannot see what public interest is served by showing images of the crowd reaction inside the Arena after the explosion.,5
Form an interest group about #SOCIALMEDIAMARKETING  @KimReynolds @BecksUnderwear @CreatinMarComms,5
@CloudRank @ARMYMILA1 you share a similar interest about #AI,5
Kleptocracy alert: Trump's placing his and his family's financial interest ahead of the country's.,5
"Terrorism isn't bullying. Governments shouldn't just \""pretend everything is okay\"" in hopes of baddies losing interest in bombing.",5
The only way a woman can ever reform a man is by boring him so completely that he loses all possible interest in life. #aphorism,5
Trump acts only in self-interest. He's establishing a kleptocratic administration so he can emerge richer than ever.,5
#RSMPsychotropics Only 12% had best interest meeting re prescribing,5
Have absolutely no interest in what politicians have to say on terror attacks. It's like a copy\/past excercise but with new names inserted,0
@LBC can we politely suggest that in the public interest  one of your presenters is suspended for grossly offensive incendiary comments.,5
What Are Your Greatest Interest In Our Summer Forecast (See It Tonight at 9pm) @NicoleKarkic @SBradburyTV @RachelSchoutsen @EmilyTWN,5
#SCEEPLAGOS when you don't partake in decision process your interest will not be taken care of @IPCng @Sanmifalobi,5
Speak sokner to a sweet spot of shared interest eo cultivate a meaningful connection  the first step to creating something greater,5
lol seryoso ba 2017 na pero kfans\/ifans are still disappointed on dating rumors\/news they'd lose interest on these human beings lol,0
#BrianMolefe Gordhan now deals with the public interest - up next is EFF's Shivambu.\nMV,5
#BrianMolefe Gordhan now deals with the public interest - up next is EFF's Shivambu.\nMV,5
lol what is drop the bank interest then psycho me to get an endowment plan instead,5
We simply have no interest as a nation in criminalising scoundrels as soon as they are dealing in billion euro amounts.,0
I swear I'm the only person who has my best interest at heart.,5
When people mistake you taking a genuine interest in them as small talk  you know they have some serious communication and trust issues.,0
MSEauthority represents more the interest of government than regulation and development of MSEs @kot @IndustryKE @UKenyatta,5
Should be going back to sleep soon as well.\r\rAgainst Tsukishima's best interest  she is staying up.,5
Thinking of being a makeup artist or cosmetic surgeon. No real interest in either field. Just want to raise some eyebrows.,5
But I genuinely just opened up and told them about my depression and lack of interest and they were really nice about it,5
Who uses a bank to save money? \n\nAre you happy with the interest rate?,5
Will Handel have window or aisle seat flying  to D.C. today to collect $ from D.C. special interest groups? #ossoff #VoteYourOsoff #GA06,5
We simply have no interest  as a nation  in criminalising wealthy scoundrels.,0
Where you currently are vs where you say you want to go.\n\nProgress is what keeps interest  what are you doing for it? How you gonna keep it?,5
Education needs to be repackaged and repackaged into many different ways to allow every child's interest to grow. @CapriceTV #JamAtGEM,5
"This one line item  with its massive unspecified cuts  is 40% of Budget's deficit reduction prior to interest &amp; \""growth effects\"" 6\/8",5
It's insane. That I lived in the hood my wholeeeee life and never ever had an interest in sneakers,5
#NowPlaying Rahim SCR28 - Unknown - Web radio launched in interest of Tree Plantations. Plant Trees &amp; Raise PerCapita Income.,5
The one's you want are unavailable  the ones who want you don't interest you. \nCircle of #relationships,5
@PostMalone You interested in aliens? Let me fill you in  been my interest for over 8 years. Any questions  I'll answer them. h3h3 fan,5
Seriously?downgrade other just bcus they hv diff interest that shouldn't concern u is just another pov?u can worded it better than-,5
When Tomoe took an interest in Yukiji for the first time  it was actually Nanami who was in Yukiji's body.,0
An investment in knowledge always pays the best interest. - Benjamin Franklin,5
will be on @CapricornFM breakfast show 7H42 with @Mpho_Mashita &amp; @DjComplexion #consumer inflation #interest rate announcement #Kasi brands,5
I have this bad habit of buying books that interest me  yet doesn't have much time to read.,5
whereas interest on Rs-5000\/-.per anum will be Rs-200-250 approximately only.,5
as much as I love Dragon's Dogma (beat 3 times  200+ hours)  I've got no interest in the PS4\/Xbone port. GIVE ME A SEQUEL ALREADY,0
@Nick28T  #FCTwente midfielder Mateusz #Klich is attracting interest from Championship side Leeds United (Voetbal International),5
You guys have any interest in polyamory? I have $56.,5
"These \""people\"" aren't human and anyone found with even an interest in terrorist activity and endangering lives should be dealt with",5
You know  you're a puzzle  that I have no interest in solving\n\n-Sophie  Two Broke Girls,0
1st session @londonwinefair - chasing the premium. What's value of expensive wines? Supermarkets it's getting interest in low end to move up,5
(2\/2) They are thugs who fight for their self-interest using the name of religion. Pray for the safety of our fellow Filipinos in Marawi!,5
"An individual who says \""F*** me\""  isn't actually expressing an interest in performing the act. (Who knew?)",5
Im Taking a break from Stre.am Or leaving It I lost interest \nPlus its just Not the same Any more,0
it's in everyone's best interest and safety that ariana cancels the rest of this tour  at least European leg,5
Okay  TBF  I don't exactly push my commissions so I can't say I have ample data but the lack of interest makes me feel I overpriced.,5
Abasheli bayabhora yaz. Especially if you zero interest in them or what they have to say,5
Elinor--she was to interest of every point coincide with an opportunity for the future  as every body,5
Key is to keep interest,5
Active Fixed Income Could Be Useful in Rising Interest Rate Environment,5
#MySachin i am ur fan @sachin_rt bt nt gonna buy ur Performance in RajyaSabha. U dnt hv any Interest in attending thn Resign #ShameonSachin,5
#NowPlaying Rahim SCR30 - Unknown - Web radio launched in interest of Tree Plantations. Plant Trees &amp; Raise PerCapita Income.,5
We do discovered each other over sushi and a stimulating conversation over items of mutual interest. Love ya girl!,5
Productivity is a result of genuine interest in what you're doing.\n-Charles Odenigbo\n#SigmaHRConference,5
@MikeAndMike Do you think if there were more regular season ties in more american sports that soccer interest will boost even more in USA?,5
In surprise move  Egypt central bank hikes key interest rates,5
Hi @ellenRstewart did you get my email about my HUGE interest in freelance social media shifts over the election?,5
I'llspare no effort toplay thesettingGod created NoIt's just my interest I'll create myworld myownstory l'veimagined since Imet them,5
in each period for the providers shown portraying a steady rate of activity from several networks of interest New Ki and IMSI pairs are,5
I have no interest in spending cuts that don't come primarily from defense spending.,0
Am starting to lose interest in drinks these days. Need motivation!,0
good thing im losing interest in ww anyways,5
You can tell Mika Brzezinski has no interest in talking about last night's terror attack targeting kids. Obsessed with Trump.\n#morningjoe,0
Why do I follow crunchyroll's newsletter? I can't afford half the shit they sell and most of it doesn't interest me at all.,5
"I kinda knew there were people with absolutely no interest in \""the news\"" or current events or politics. How in HELL did they get in the WH?",0
Key of happiness - same interest.,5
@KingdomMag boss @matsquire73 showing interest in Jones cup in auction @bonhams1793. Could he be planning online bid? #secretsafewithus,5
interest-rate contracts have been the biggest moneymaker for five of the past six years  responsible for 1\/3 of the revenue CME collects,5
whos interest are these so called  #Cosatu leadership serving  their own or the working population?,5
I'llspare no effort toplay thesettingGod createdNoIt's justmy interest I'llcreate myworld myownstory l'veimagined sinceImet them,5
Pursuit of specific and narrow areas of interest is one of the most striking features of #Aspergers.,5
Ever just feel yourself losing interest in everything ?,5
have the decency of closing your mouth please  you're stealing artist's works without asking them and without any creative interest,5
Paytm launches payments bank; offers 4% interest  cash backs on deposits  zero fees on transactions...,5
Can I interest anyone in some peppermints? Peppermint anyone,5
Conflict of interest?,5
When you write to a person and try to show some interest in the conversation but then they reply to you in two words lmao nope bye,0
Killing innocent lives for the sake self-interest? I condemn those people who are behind the bombing. #PrayForManchester,5
I'llspareno effort toplaythesettingGod createdNoIt'sjustmy interest I'llcreate myworldmyownstory l'veimagined sinceImet them,5
Challenge yourself to rise above self interest and put the needs of others first.  #leadership,5
wow I kinda lost interest in Depeche Mode for a bunch of years but this year's album isn't fucking around or taking hostages,0
Killing innocent lives for the sake of self-interest? I condemn those people who are behind the bombing. #PrayForManchester,5
When you see someone's interest rise in the conversation  ask follow-up questions  to get closer to their sweet spot of strong,0
I don't make people pay me they wanna pay me because it's in their best interest,5
understand this:\nas long as there is a creative interest in using my music  i don't give a shit  use it and credit it that's all i ask,5
I'm interested in the future in ever way  no interest in getting pull back into the past.,0
Sessions needs to be removed immediately. He is in Collusion with Russia and is a Person of Interest in this election fraud. #jeffsession...,5
ya know  i developed this interest to reaction vids. Esp non kpop stans (mostly westerners) who react to kpop mvs\/songs for the first time--,5
Me having 0 interest in being a mother doesn't make me any less of a woman,5
Sessions must be the person of interest the FBI are investigating in Trumps camp. #sessions @nbcnews,5
Thanks Jermyn St Journal for the follow! I appreciate your interest!,5
not the main target  but he is on the club's radar; and he is available. Without CL  though  it is tricky should serious interest emerge.,5
My favorite part of Twin Peaks is the spirit world  the characters don't interest me as much. So yeah this new season is catering to me.,5
The ones you want  are unavailable. The ones who want you  don't interest you.\nCircle of #relationships,5
"And at this point if you don't want your \""friends\"" relationships to work then do you have their best interest at heart ?",5
Now keeping money in wallet will also earn you interest. Convert your wallet in bank. #OyeDekh #PaytmBank  @PaytmBank @vijayshekhar,5
Lately  I've been losing interest on getting to know other people.,5
Spoiler but I bet Tyler posey is going to become janes next love interest and become a regular on the show,5
when u remember ur ugly and annoying and no one will ever take romantic interest in u,7
@afneil can't wait for the JC interview especially selling bonds to pay for nationalisation. Labour bond 50% interest live in 10 years.,5
Start saving as early as possible. Money that's squirreled away in savings accounts usually accumulates interest at a set percentage rate.,5
Real data shows investor interest in alternatives exceeds interest in #UCITS  - a trend likely to continue in the near term. #ALFILondon17,5
US spent 2 v96 684 000 minutes on  interest last year,5
Min Brown outlines her systems for dealing with conflicts of interest at SOE boards at #BrianMolefe committee.,5
Sad moment when there's no common interest,7
may they not be compromised by self-interest and blind indifference.\n#PrayForMarawi,5
Minhyuk have an interest to music since he liked classical music so he learned to play piano and flute,5
Other interest is believed to have come from teams in China and Qatar  but he could be lured to #LFC by Champ League football.,5
@DaveRamsey Whoa! If I don't pay off my #debt sooner I'll end up paying $84 075 in interest! That's NOT going to happen! #DespiseDebt,5
Should I feel bad for leaving people behind? - like old friendships  people I used to chill with and I have 0 interest in them now?Should I?,5
22. I studied Data &amp; Communication. Graduated and lost all interest. Don't plan to get a related job at all.\n\nSeriously fuck networking.,0
Things to not to do at school\nA crush on the teachers \nA romance interest on the teachers \nSexually attracted to the teachers,5
CFL\noh that's why it was hard to blame me for my response to KL\n\nbecause she was the only one who ever showed sexual interest in me\nNT,5
Okay once I lose interest that's all,0
"\""Self-interest\"" will have to become  social interest if we are going to survive as a society",5
Me loose interest ina Arrow so me stop watch it,5
The case centers on Chevron practice of financing Australian ops w\/loans to subsidiary at interest rates much higher than market benchmarks,5
I know my general lack of interest in SFV isn't showing it but I do appreciate how it tries a ton of new things with system and characters.,5
#NowPlaying Rahim SCR31 - Unknown - Web radio launched in interest of Tree Plantations. Plant Trees &amp; Raise PerCapita Income.,5
Triangle Talk: Cite 1. Their snterest  2. How your interest coincides with.it 3. Action that we should take.,5
@morningjoe You have that wrong.  Not interested in protecting the #trump's from themselves.  The interest is in protecting USA  from Them,0
The presence of Rove in this one suggests an interest in branching out beyond the cult faithful. #PraiseFOX,5
The White House may claim Mueller has conflicts of interest. That's ridiculous.,5
Me playing tsum tsums again: so minnie's power is built on the fact she is but an accessory to Mickey's story  a love interest who cannot ex,5
Do not make ultras as a commodity personal interest because  in principle  that is the number one enemy of the ultras!,5
"Dads second sign of interest in pregnancy \""was baby a surprise then?\"" ... \""yes dad\""... awkward silence...",5
@JLew1050 Any chance you have the interest and availability to join us on-air to talk about the new Magic GM?,5
@RCNconnects wifi symbol is shown on device but no interest? Astoria area-is the network currently down?,0
GABRIEL:MAKINIG KA ALWINA AND MULAWIN AT RAVENA PINALALABAN AY SARILI INTEREST  IM SORRY BUT IN NEED TO SEPARAT WITH YUO ALWINA,5
Our new Technician Scheduler and other great DragonDMS features are generating a lot of interest today at the show! #CDX17,5
CFL\nI think I'd really rather rule KL as me liking her too much because she showed sexual interest\nNT,5
@realDonaldTrump As a US Citizen  I want to review your current tax returns for conflicts of interest  ethics and truthfulness.,5
Giuliani  economic growth and interest rates  Financial Revenues and Responsibility have also sank for the company to a longer summer.,5
seeing bts cook makes me wanna learn how to cook even tho i have no interest and i always fail at cooking :DDD,0
Interest meeting for RHS Girls Soccer is Wednesday after schools at 2:05 on the black box side of the auditorium! RT to spread the word!,5
@sambitswaraj Sir no point for these teasers.. plse we need not the principle. But Principle + Interest.Only 16 post is not answer. GO BIG,5
@Sirlionhart Wanted to ask  you got any interest in playing the new Fire Emblem on the channel?,5
@jayneraven75 Hi Jayne i have a great story and data that i think might be of interest to cloudy2clear blog if you could dm a email address,5
Invest in yourself  it pays the best interest. #TuesdayThoughts,5
While it may seem like the project is dead - this isn't the case - this needed hiatus is in the long term interest of the project,5
.@realDonaldTrump chose personal alliances over country's best interest  not how to run a gov't. #Flynn #Kushner etc. wl bring WH down. #BAD,5
#NowPlaying Rahim SCR12 - Unknown - Web radio launched in interest of Tree Plantations. Plant Trees &amp; Raise PerCapita Income.,5
@JoeNBC Who the hell cares about the families interest? They are only interested in their bank accounts,5
@john_keim Do get a sense whether the Skins have any interest in Dan Williams?,5
Is it a conflict of interest that @WindhorstESPN is on LeBron James' payroll as part of his marketing team? #YellowJournalismIsAliveAndWell,5
Another beautiful colonial home coming to Thompson's Knoll - this neighborhood is seeing a lot of interest!! Only few lots left!,5
In the interest of transparency  the Cerio-Furry Fox video must be posted on Facebook &amp; be the subject of an inquiry on What's Trending AH.,5
Dairy Science sasifumanekile ngulamama. But ke its all good ngoku saphumana nayo. It made me lose interest qha kwi dairyscience and microbio,0
I don't mind if me and my friends have different interest in music  as long as they don't bash my fav artist i'm okay.,5
Philippe Coutinho has told worried Liverpool fans he sees his long-term future at the club  amid persistent reports of Barcelona interest.,5
(which is a huge stat for us and shows lots of interest - not surprisingly - in what is the ultimate personalised local news story....),5
#NAME?,5
Out of interest: Sean Mercer (Rhys Jones Murderer) was already  'known to the authorities' prior to the event......your reaction?,5
#morningjoe Vapid Mika droning on and on about Trump. Murdered children are of no interest to her.,0
feed them interest i might lose mine,5
I've regain my interest in @NBCTimeless after it's cancelation reversal,5
Grinding hard about to make the game pay me with interest for all the days when no one was paying attention.,0
What's the best pre-6am hike in CO Springs? And I have zero interest in doing the incline in the morning.,5
RT:\n@shianews313: \nIsolating Iran  Hezbollah  Hamas not in interest of Muslim world: Imran Khan #IsolatingIran #imranopposessaudi...,5
@phoneboy I don't know if it'll interest you  but I found a copy of Hot Death Uno 1.5 (32bit binary compatible with win7+),0
I've got little interest in the stream of articles of public officials condemning the Manchester attack - it gives no comfort.,5
Refueling An On Orbit Satellite Is A Chinese first  major thrust of ongoing interest and development within the satellite industry,5
I still dont know how to take interest in cricket without you Sachin. @SachinTheFilm #MySachin,5
I have never met this person and sadly probably never will  but we share a common interest in Disney  writing and other things.,5
"\""We see increasing interest of companies in Swiss #climate projects\"" ~ Kathrin Dellantonio @myclimate #innovate4climate #GERpavI4C",5
Thanks to @NovaFootball for showing a huge interest in our players! @CoachOlaAdams thanks for recognizing great talent! #recruitwinchester,5
Only come across 1 guy so far on pof that I actually have genuine interest in and have given my number to. This is why  Ppl are sketchy,5
@clouddeals1 thanks for the follow and all the info. I'll be following you with interest.,5
Interesting session tweets coming from delegates at #GoingGlobal2017. Following with interest discussions on future of internationalisation,5
Sad to say I'm losing more interest.,0
my current mood is that it seemed like most of the ppl around me were there bc it was a special interest for them,5
It's Tuesday  nothing else \nIt's today  I'm not a siccofantic\nIt's 2017 I don't lie about my emotions to garner interest  fear or,5
Jindal well played but Nawaz shareef was forced to play becos of his business interest with jidal n India.\n#NoMoreNooraLeague,5
Nothing is wrong which is done in good faith and in the larger interest of society. #MajGogoi @samarjeet_n @kapoorashok25 @tamhanespeaks,5
NO INTEREST,0
(2\/2) from sell war weapons (to Saudi Arabia kill civilians  women  children in Yemen)  american taxpayers  bank interest rate!,5
"\""But when I learned the truth  I sacrificed my own interest to have a good relationship with Jehovah.\"" What a heartwarming experience!",9
If poe ever has a love interest tht isn't a man I will b suing disney,5
i lose interest so quickly,0
I want to be someone you can't just lose interest in so easily. Someone you wanted to be around. Someone you wan't to experience.,0
There is a power  unknown to the world  when saints come together to pursue a common interest.,5
The terrified and neither interest nor love  should make them asunder from the feet out of an author,5
I'm not interest in the silver lining to problem-clouds; I want the platinum lining! #leadership,0
You seemed to don't have interest on me. Ciao.,5
did microsoft just announce a new surface or not im confused\ni saw LTE and it spiked interest,5
It speaks to @Al_Ewing's talent that Im enjoying his USAvengers and Ultimates tie ins for Secret Empire while having 0 interest in the event,5
I see Quilliam were invited onto #Radio2 to speak about #ManchesterTerrorAttack were you invited @TRobinsonNewEra? Just out of interest?,5
Jindal well played but Nawaz shareef was forced to play becos of his business interest with jidal n India.\n#NoMoreNooraLeague,5
You cannot separate the interest of a company from those interested in the interest of the company! #TheSolicitorsMind\n#StayCorporate,5
anywhom i'm gonna start the love interest bc he's from brisbane and so am i,5
Of our Destiny fans who has an interest in the lore of the Destiny universe? #BelongbyGAME,5
@officialmwent We did not see minzy any interest in promoting the album. We need to see it at the stage,5
@IndiaPostOffice \nHow do I get Interest Certificate for NSCs opened during last financial year?,5
if you aren't asking questions  actively listening with a genuine interest  it won't work,5
NS should be trailed in court and punished for his relations with india and conflicts of interest\n #NoMoreNooraLeague,5
DCs were also instructed to ensure implementation of Zero Interest Crop Loan upto Re 1 lac &amp; Re 3k to those who renew KCCs from April 1\/3,5
"Liberal arguments:\n\""Dear Modiji why are you silent on the issue of safdarganj roadside pothole not filled yet? It's of national interest\""",5
Once a Capricorn picks up a wild interest in something  they can easily become obsessed with it.,5
IF YOU WANNA SEE A REDEMPTION ARC DONE RIGHT LOOK AT ROOT FROM PERSON OF INTEREST @TheCWSupergirl,5
I lose interest in everything so fast after one fuck up.,0
For ABS company whose only interest in running lagers is the money anything will be done to evict #BriennerStr protest  come by and join!!,5
@realDonaldTrump since both of our birthdays are on June 14th  would you have any interest in a joint party? #FlagDay2017,5
Is Tyler Posey gonna be Jane's new love interest next season? Noooooo,5
I am so grateful to release people who don't have my best interest at heart.. even if the release is painful. The reward is worth it.,5
11 Missouri Counties declared contiguous natural disaster areas. USDA offers low interest loans. Call 417-967-2028 for more info,5
The avg new car loan totals $30 621 with payments of $506 at 4.74% interest. Buying a deprecating asset with borrowed money  big mistake,5
#BBWLA hasn't had a good storyline since @drayamichele bringing old washed up @EvelynLFanatics just doesn't keep my interest,5
@Morning_Joe He who makes an idol of his self-interest   will often make a martyr of his integrity ~unknown,5
every person has their own preferences  why bother hating on their interest? keep your own comments to yourself.,5
Don't think I'll be in another relationship for a while. Textin ain't my thing  I get bored quick and lose interest on anybody that hmu.,0
For ABS company whose only interest in running lagers is the money anything will be done to evict #BriennerStr protest  come by and join!!,5
@TarekFatah  what's use of un  when any permanent member can use veto? Isn't un  worthless ?veto powers countries use them 4 self interest.,5
Sending me one word texts makes me lose interest in talking to u,0
@GovAbbott HB3287 does not protect Texas citizens interest and hurts competition and job growth in the beer industry.Please veto that Bill!,5
According to Twitter I have 1 001 followers  but Twitter can't tell me how many of them are people with any interest in what I might post.,5
Is that we've little interest in a puff-piece about a person who isn't famous?,5
#GEO I take from that podcast that there is a hell of a lot of institutional interest,5
I used to be a banker but I lost interest.,0
Music brings the most unlikely of friends together over their mutual interest in one artist... it's a way to express ourselves!,5
Conflict of interest my ass haha,5
"i really dont plan on making many moves this summer especially to no \""turn ups\"" that really doesnt even interest me anymore",5
Discussing the best interest of child on splash FM 105.5,5
The best interest of our clients will always be paramount with every transaction,5
"\""The superior man makes the difficulty to be overcome his first interest ; success comes only later\"" - Confucius",5
Pautangin kaya kita? baka sakaling magka interest ka sa akin..,5
Appointing authority aware of the conflict of interest of the MetBank director at material time of his appointment to chair POTRAZ Board.,5
@jodywayzata finance just killed accounting with interest,5
I lose interest quick,0
To waken interest and kindle enthusiasm is the sure way to teach easily and successfully. - Tryon Edwards #quote,5
Be clear @PutinRF_Eng sees the Damascus gov't as part of its national interest  like Crimea  which is related @DreamescapePs @joshua_landis,5
I'm not great at the advice  can I interest you in a sarcastic comment?,5
Just looking....there's a couple fixer-uppers that may interest you.......,5
I follow everyone back @DC_Strategy  I appreciate your interest. What are you into?,5
@Di_Knox @ARMYMILA1 you share a similar interest about #AI,5
@ItsBouquet @ARMYMILA1 you share a similar interest about #AI,5
anyway enough guys on my TL. my fire for hiroto  my last lingering thread of interest in the 3D  is long gone,5
im so excited to be a mum  i have 0 interest in marriage tho,5
I alternate between being alarmed and comforted by how little interest the Trump admin appears to have in any serious fiscal policymaking.,5
It kinda bothers me that Ashi was just there to be a love interest and a plot twist\nIt feels like as if it's a text book Deus Ex Machina,5
#NowPlaying Rahim SCR13 - Unknown - Web radio launched in interest of Tree Plantations. Plant Trees &amp; Raise PerCapita Income.,5
show no effort and i'll show no interest..,0
If I'm going to show interest in your life at least try and pretend you care about mine,0
I had suddenly lost interest in photography and music as an onslaught of depression had hit me like a freight train.,0
It's true that I'm satisfied simply admiring my garden  the entire universe. I had no interest in realms outside my dominion.,0
@_sachinbansal your policies are against the interest of your customers. You form policies for ur benefit &amp; exploit users.,5
showing me interest is the best way to keep my heart,5
Philippe Coutinho has told worried Liverpool fans he sees his long-term future at the club  amid persistent reports of Barcelona interest.,5
A good conversation is like a miniskirt; short enough to retain interest  but long enough to cover the subject. ~Anonymous,5
#Virgo is a fan of kissing  especially their love interest.,5
@AsantebaEkua Let's put politics and our selfish interest  aside and fight for our future and unborn generation.,5
I have no interest abt cooking tho even tho my course is about cooking i hate cooking  the only cook i love is Jungcook.,0
Searching for people who would hopefully peak my interest...,5
At this point it's not only nothing will ever interest me; it's that nothing will ever surprise me.,5
I am a not member of Hizb Tehrir but completely agree with them that our army only serves american interest and are dollars paid mercenaries,5
"A successful US President governs from the middle &amp; in the best interest of \""ALL PPL\"". Both #Trump &amp; #Sanders are extremist and divisive ijs",5
Cap tables evidence that it to their money (5 Market risk  108  516 net income sources  2627 carried interest  3239.,5
#TTKSawal  Rajeev Tyagi did exact wht Congress expected to do...May u b silent on issue of national interest @sardanarohit @ZeeNewsHindi,5
You always give priority to your business and personal relations over the national interest \n#NoMoreNooraLeague,5
My reaction to learn obedience to the professor will never make Moodle delivers a place of our interest in classes was no,5
Both these factions are annoying and none of them represent the best interest for us.,5
How stupid keyboard that during typing i lose interest in the tweet due to repeating mistakes,0
each individual have their own interest in music  cant you guys just respect each other ??,5
Everyone has no interest but everyone  ie not self. (Nagels impossible objectivity?),0
Short Interest in Habit Restaurants Inc (HABT) Increases By 5.1%,5
Wondering is it fair to charge interest on borrowed money. Esp to those who take ages to pay up  yet still go on holidays\/buy new gadgets.:\/,5
#Malloch: what is in the US national interest? Economic integration doesn't mean having a unified European government,5
You always give priority to your business and personal relations over the national interest..\n#NoMoreNooraLeague,5
we need a ban on muslim  from all public places in the interest of national secuity  me think  uk first,5
#Malloch: we should avoid a failing EU. That's not in the American interest,5
.interest users grew 1 04n%,5
people get busy and lose interest. its fine,0
I suppose it's just interest... Do-mi-so-do. Devoid of substance or purpose  a hypothetical pattern... Do-mi-so-ti.,5
@grockallschmidt here's an area of interest you might want to Google Rowland West as most people think that Batman was based purely on,5
It's insulting they you think I could have even the slightest interest in anyone after the plans and life I had with you.,5
Seeing consciousness as weak  my interest waned. I released my mind from the latent tendencies of falling for and holding to consciousness.,5
"\""Hey girl  you've compounded my interest.\"" #CPA #PDA",5
Amazed by interest in simple rope swing. How might we measure social return on investment for such a low cost intervention? #activeplay,5
#BILN Attracting interest and so it should. #RBG Very volatile! Will bounce soon once it settles.,5
It's insulting that you think I could have even the slightest interest in anyone right now after the plans and life I had with you.,5
Seeing consciousness as weak  my interest waned. I released my mind from the latent tendencies of falling for and holding to consciousness.,5
Adam Henley has interest from the Championship and MLS sides after BRFC release. #walesadamhenley,5
Trump's son-in-law a person of interest in very real criminal investigation of PotUS.,5
Democracy is the means to allow the wealthy and powerful to share the spoils of power amongst themselves by sponsoring small interest groups,5
"Why would I ring to \""express an interest\"" in PIP but not actually apply for it\nNow theres a problem and my application can't be sorted\nFfs",5
$FIS FIS to Sell Majority Interest in Capco Consulting Business to Clayton  Dubilier &amp; Rice\nFrom our Stock News Alerts App,5
Earn almost double interest compare to savings bank account. Invest now in #Liquid #Mutualfunds #safety #liquidity #vkenterprise 09723910360,5
Western Copper and Gold Co. (WRN) Short Interest Down 16.3% in April,5
$FIS To sell majority interest in Capco Consulting Business to Clayton  Dubilier &amp; Rice for $477M in cash;to contribute $0.11-0.12 to H2 EPS,5
No interest supporting advertisers @cumberlandfarms on @WEEI w\/ @AlexReimer1 and his progressive tirade. Another day on @985TheSportsHub,0
@technoforjesus   my ranch interest to me   here is his will in which is my name I only 4 years old at the time &amp; to experience my abduction,5
Lol so shawty had a tumblr post bout it but on the tweet from another user really sparked the interest. Once again Twitter &gt;&gt;&gt;,5
FFS just got call frm s\/one who said I had expressed interest in investments. I didn't. Him: so why are u on my list? Me:?? Good question.,5
I note with great interest that @adamjohnsonNYC is using Vietnam as a puppet for his vanity again.,5
Regarding the terrorist problem  what outcome is in the wests best interest?,5
MODIJI YOUR GOVT. REDUCED INTEREST RATE AFFECTING 84 YEARS OLD VERY SENIOR CITIZEN BADLY YOU CELEBRATING MY SUFFERINGS AMONG 3 YEARS RULE,5
"@NPRjonhamilton Why begin Gage piece with \""brain geeks\""? Why stereotype? Why denigrate interest in the brain  science? Disappointed in NPR.",5
#trading #money #trader #forextrader\nAn investment in knowledge pays the best interest. Get 100% profit in Forex now\nPM for details!,5
... CH. 27: 'So you ought to have deposited my money with the #bankers  and at my coming I would have received back my own with #interest.',5
Greed is not good. Self-interest is not practical. The best way to have a better  safer  happier life\/world is to ensure others do too.,5
And as if all that wasn't enough  @Javier71673929  you are DNPQ's 3 500th follower! Congrats! Thanks everyone for the interest and passion!,5
#Malloch: it's in interest of both the UK and the EU to get along after Brexit,5
Ai seems to have some interest in fashion. #AiFact,5
I currently am having no interest to any girls now. But it's not i'm having interest to some boys!,0
Good morning world! For the record  I have reopened my recruitment and I'm open to schools with serious interest or offers.,5
0%\nInterest,5
Who else forgot that Rosa Mendes was once the on-screen love interest of Zack Ryder on the ECW brand? #TheDoubleZTV,5
kinda wish they left sun or caphius  without a love interest in sense8  loved how in the first season they focussed more on themselves,5
@Majesty_ER Put one note of interest in perfect house reference number has three 555 anti devil eee perfect please help us get amen,5
@mikealeo Accounting; the only interest that accruing is my interest in accounting the time till I'm out,5
Concentrating on something beyond your area of interest is very hard. Trust me  I'm already doing the same.,5
Proximity to a Point of Interest Intended to detect the proximity of a vehicle to a POI- located in the center of a geofence.,5
The paramount interest of a child should be considered first - Mr. Yakubu Fadare on #TalkingPoints w\/@miketunbosun,5
Sudden loss of interest to study. This is bad.,5
#izwe_ghana Our investment product; iVest offers competitive interest rates on your investments. Rates start at 25%,5
Respected Modiji  Why interest on education loan is more than that on car loan. A car is more important or education for a bright future??,5
I literally have zero interest in celeb personal life and it's so fascinating how people gossip about them daily.,5
This girl doesn't even have any interest in reading the only area Jodie Marsh is interested in is opening up her legs2 dirty men her choice.,5
#DafBama2017_BTS person of interest,5
Close-knit teams have sweet spot of shared interest  no more toan 7 members  no e.tra members  a top goal &amp; rules of engagement,5
i have no interest in learning how to play,0
An investment in knowledge always pays the best interest.\n\nKISSES FirstCameraRolling,5
Just found out that interest rate on govt first buy scheme equity loan will slowly rise to 100%. Effectively lining pockets of developers.,5
and fair play. If you're not aware of this. Pull your head out of your ass and THINK about their interest rates.,5
. @KDTrey5 did what he felt was in his best interest. It's not his job 2 make the playoffs interesting.,5
When Molefe got reappointed at Eskom I was so pissed thought is this genuinely the party that had SA's interest at heart.,5
#thanks @NancyMyrland @dublincityhandy @lawtech_a2j for your #interest in our #legal #questions and #answers! #free #lawyer #youtube #law,5
.@annekeluc on genomic data disclosure within families: draws attention to the areas in where personal interest IS public interest,5
MBNA charging fraudulant high interest rates to consumers FED. Government havent taken any action ready to provide evidence .@mbna_fr,5
Still adding people to my list of Muse  so if you haven't yet. let me know your interest and we can make some plans.,5
In WWE Has No Interest in Broken Hardy LIVE Has No Interest,0
MyLOFT is an App for Patrons to access-organize-share E-Resources (subscribed) and digital content of their personal &amp; professional interest,5
Niggas got 0 percent interest in being up this early for this bullshit for the rest of the summer.,5
@narendramodi \nSir  Why interest on education loan is more than that on car loan. A car is more important or education for a bright future??,5
and fair play. If you're not aware of this. Pull your head out of your ass and THINK about their interest rates.,5
Ted #Malloch at @OpenEurope Brussels event states that a centralised supranational EU is not in US interest #FutureofEurope #realism #Trump,5
me: i have no interest in ARMS\nalso me: the official art is really cute and i love ARMS,0
Why is it the one person I want to text hardly hits me up and the people who I have no interest in talking to are always hitting me up?,0
and fair play. If you're not aware of this. Pull your head out of your ass and THINK about their interest rates.,5
Also  pakibayaran mo ng full cost yung tuition mo sa UP  plus interest.,5
The beloved Sprogs are 4 (almost 5!) and 7. They're both smart  brave and have an interest in SFF.,5
sometimes we want to have someone to be there for you  talk to you &amp; show interest to you,5
But the diversity &amp; interest groups of the Democratic coalition still there  so Sanders is prog on racial  cultural  social issues,5
"Sometimes the lack of public interest in things I find important actually really hurts. No need to elaborate on what \""things\"" I mean.",5
@ZakeyaMasada how you know AI8 is a Sis and not a bro?\nOr did Sis means something different?\n(sorry  pers. Q  hope for A  real interest),5
As a matter of interest - and we all have our own entitled opinions - how do you feel about #Islam in the Western World? #ManchesterBombing,5
One-district one-factory policy\nOver 150 proposals and expression of interest received.\n#NewsOnTV3,5
.@GovMarkDayton Thx for staying strong on preemption.  Pls say NO to repeal of Campaign Public Subsidy.  Stop special interest $. #mnleg,5
Why are barca showing interest in another young CB in Davinson when we have Umtiti and Marlon ready and waiting (Umtiti ready)?,5
@PhyllisKhare we definitely have similar interests with #SOCIALMEDIAMARKETING. What is your direct interest?,5
Great meeting Andy Pitts &amp; team today at their POL QBP meeting. Much interest in the support @NFSP_UK &amp; @CommPlusUk can offer our members,5
Anyone who is a 'person of interest ' or known to the authorities because of terrorism should be deported along with all of their relatives!,5
Form an interest group about #AI  @Ecom_Nation @ARMYMILA1 @cameronjowens,5
Spfak sooner to a sweet spot of shared interest td cultivate a meaningful connection  the first step to creating something greater,5
The first hours of our debut on ProductHunt have been incredible! Thanks for the questions and interest thus far - please keep them coming!,5
"\""An investment in yourself pays the best interest.\""-Benjamin Franklin",5
"If anything it would be interesting having Getzlaf  Kesler  Perry all as \""A\""s  lessening the burden on Getzlaf and maybe motivating Perry",5
Let qour personality shine on Twitter. Tweet |unny\/interesting content along with the business content.,5
Memory manipulation interesting,5
I've been spending a lot of time exploring the fringes of BDSM with very interesting clients. Stories to tell.,5
it was an interesting read though,5
Learning thier names is going to be an interesting expirence lmao,5
I don't usually comment on opinion polls  but interesting that all today's show Con\/Lab at 78-82%. In 2015 it was 69%.,5
Well that was interesting to watch,5
I got a very interesting suggestion- since its 3rd Yoga Day  why not 3 generations of a family come together &amp; practice Yoga:\nPM #MannKiBaat,5
I like The Night Shift more than House MD  the cast is way more super interesting,5
Modern day historians are interesting. Most are Leftists  while they glorify the anarchy of past...#TheMoreYouKnow #History,5
How interesting  man I no recorded train sounds in the 1980s and you get a stereo effect by connecting to microphones two the tape deck.,5
today was... interesting,5
Interesting to see Netflix move away from star ratings. Seems like it's trying to hide how bad some of their back catalogue of content is...,5
#DYK Interesting Yes? =&gt;Emails with no subject all together were opened 8% more than those with a subject line.   [Source: HubSpot],5
@ThomasJefUnit99 How come you guys aren't as enthused about more interesting amendments  say uh the 24th? I mean really--you idolize weapons,5
And its funny to laugh at how basic it is. How basic I AM. I sure wish I had the confidence to make myself something interesting that Im not,5
Yawn.... very interesting day!,5
Interesting  a man I talk to recorded old train sounds from the 1980s by connecting two microphones to the same deck getting stereo sound.,5
January Jones has been a love interest 2 my brother also in a past life. Interesting life experiences. Could turn her into a crystal maiden,5
me khalid and lil yachty are all the same age. Interesting. I still haven't learned not to drink out of a cup when I'm laying down,5
I guess we all do. I know when I'm upset I turn into a different version of myself. I just always wonder why that is? #interesting,5
Koe No Katachi was extremely interesting. I have some critiques and some praises  but it was worth seeing.,5
History channel is airing Superheroes Decoded. Anyone else watching this? It's interesting.,5
Just drove drunk bj home for 3 hours... it was an interesting ride lol,5
they just seem interesting + i like when things are connected,5
My mom really be havin some.. interesting ideas about who I am and what I do,5
"The cognitive dissonance is rather interesting:  \""Witches of East End\"" &amp; \""Twin Peaks\"" (the original series). Heh.",5
Interesting,5
Shotz...interesting establishment,5
*Just kinda pass out and is now asleep on the floor at @StudInSpace 's.\n\nWhoops\n\nWell he'll have an interesting surprise tomorrow.*,5
Was interesting to see some try to set me up via my neighbors surrounding via complain too. Also not true what you are thinking via them.X,5
Congratulations @DiePARTEI for reaching 40K Followers! Follow back for more interesting facts.,5
$GNC Hourly. Interesting we broke a golden EWT rule - (4) overlaps (1)  but we see here critical level regained quickly &amp; (5) goes higher...,5
alright guys should i make it interesting and stay up 24 hours?,5
"Fanny Cage \""did not much like Mansfield Park-not to be compared to P&amp;P - nothing interesting in the characters - improved as it went on\""",5
@shokubu1 so I finished Year 3 and started Year 4 of Injustice and...wow. I didn't think it could get more interesting.,0
law is interesting  pero puta ayoko naman magkabisa ng mga clauses etc hahahaha,5
I got a very interesting suggestion- since its 3rd Yoga Day  why not 3 generations of a family come together &amp; practice Yoga: PM #MannKiBaat,5
i have found an interesting manga! at last!,5
Women are so interesting,5
such a very interesting \n#EarnTheJersey looking forward to finding the next Apollo logo\n#ApolloXManUtd to reach the next level @apollotyres,5
History channel is airing Superheroes Decoded. It's actually quite interesting. #comics,5
It's going to be an interesting summer,5
@nastel thanks for the follow. Very interesting product line indeed.,5
Today was a very interesting night,5
i'm not interesting i'm mentally ill probably,0
Exhausted and excited  a very interesting combination.,5
Just finished Craig Sager's book. As you can guess an inspiring  but also very interesting read. Craig was so full of life! #SagerStrong,5
@AliefofFaith hey man ... you good? You're RTing a lot of interesting stuff on my TL right now ...,5
this was an interesting way to spend my day,5
This could get interesting.,5
The amount and quality of jp comments I've seen made about Aoi's QA outfit and overall design is.... interesting to say the least,5
"interesting Ivanka &amp; Jared suddenly only came to DC \""temporarily\"" for 6 months or so; if $$ was pouring in without Q  we'd see diff spin",5
Keep shit interesting,5
California Voters: PLEASE remember to vote YES on Prop 82  which would ban interesting contractors.,5
DB Super is starting to get interesting again.,5
Interesting comments from @ChademaMedia Supporting @UKenyatta re election,5
So this night is turning into an interesting one....,5
Prison Brake season 5 is so fucking interesting.. love all the suspense in it. The Original suck.,5
Super-excited to play the interesting game #EarnTheJersey! #ApolloXManUtd @apollotyres,5
Houseparty was interesting today lol,5
It aint that hard to be interesting  if we already like you we would be interested just watching you talk about yourself and your life.,5
Interesting,5
feel like answering interesting shit don't be weird man,5
Time to play this interesting #EarnTheJersey game and get a chance to win Manchester United Jerseys. #ApolloXManUtd @apollotyres,5
the injustice comic is much much more interesting than the game tbh,5
Thinking about 2013 when I first joined IG &amp; how exciting it all was  reflecting on it now I really do remember how interesting I found it.,5
Rejection just makes it more.........  INTERESTING.,5
Interesting that during Ramadan  a festival of abstinence  the terror attacks rise.\nThe 'religion of peace' don't abstain from killing.,5
What a interesting NAMO impact from Delhi to Odisha,5
If Blues can snag another quick one before half time it will be very interesting #AFLBluesNorth,5
why persona 3 decided to have a spell that is unblockable and deals 9999 damage is  uh  interesting.,5
The largest parastitc nematode described is very interesting  it infects the placentae of sperm whales!,5
Interesting,5
I feel like a novel about a fantasy writer would be more interesting than a fantasy novel.,0
Super-excited to play the interesting game #EarnTheJersey! #ApolloXManUtd @apollotyres,5
He's so interesting and intriguing. It's refreshing man.,5
omfg me and jessicka watched that mommy dearest documentary about that girl who killed her mom it was WILD and so sad but so interesting,5
when I get bored I look stuff up about Kyle just cause learning about him is interesting cause he's such a normal cool dude,5
Almost got sprayed by skunk tonight  always interesting being reminded of the wildlife that lives here,5
Interesting lol,5
September should be interesting,5
Jessica: Please recommend a few other interesting bots.\n Leo: You can't miss @DPLAbot  @lowflyingrocks &amp; @WriteAssignBot.,5
Dear goodness this has been interesting....,5
Y'all eat Waffle House? Like  without force or a gun to your head? Interesting.,5
I've gotta say  Persona 5 is at least a more interesting story than the others. It's kept me interested in what's gonna happen next.,5
Last night was interesting to say the least,5
"Would be interesting to see if describing it as \""gender equalitism\"" created a different perception and level of support.",5
"\""airway invasion\"" interesting way to collectively describe penetration and aspiration #spaconf @emplowman",5
A wedding on a cruise in the Bahamas very interesting nice idea  I take that back great idea,5
I've been doing a lot of follow backs lately. Cuz I'm getting such interesting followers!,5
I wanna be interesting ; ^ ;,5
i picked up rin by harold sakuishi again its getting sooo good and interesting!!,5
A lot of interesting people in this world and a lot of interesting situations,5
memento mori is so interesting,5
Gig Harbor  no stranger to rallies  makes it interesting in state soccer semifinals,5
#13reasonswhy looks interesting. @shikhar164 have you watched?,5
Check the most interesting @apollotyres game lots of jerseys to win! #EarnTheJersey #ApolloXManutd,5
'Go'  is the shortest complete sentence in the English language. #interesting #didyouknow,5
Of course interesting things start to happen in Seattle when I'm gone.,5
Went to an emo night in the suburbs.\n\nIt was.... interesting. \n\nI think I officially hate my hometown\/the suburbs.,5
@nishaswathi you are one interesting person on Twitter! It will be fun to have a sarcasm competition with you,5
just tried the new cheeseburger flavored combos. Very interesting. Maybe tomorrow will be bacon egg and cheese.,5
#MyLeprechaunAndI  is one of the more interesting hash tags that I wonder how it got trending that I have heard in a while.,5
That Konoha person sure is interesting..,5
interesting,5
I have nothing interesting to tweet about bc I'm very boring,5
Maris Inigo Kira  looks interesting @DreamscapePH @StarCinema @starmagicphils @StarCreativesTV @GMOunit,5
apparently it's because i looked so interesting O:,5
Interesting to see how news shifts from the D day it happened to a few days later. Interesting to see how people react to it.,5
Interesting day,5
I think\nIt is summer will be interesting\n\/The best\/,5
Research on nuclear sounds interesting,5
Being unpredictable is interesting and exciting,5
Which is interesting  because it also shows that they *know* its a terrible idea themselves &amp; they really dont care.,5
I need someone interesting and this person isn't what so ever yet,5
ALSO  Huge PM events are godlike to watch because pools matches are actually interesting and worth a watch  compared to melee\/s4\n\nGod bless,5
Another interesting chapter in endocrinology. Loving this!,5
This week will be very interesting.\nYou need to test my kitchen ability with this creature.,5
"Welp today was an interesting day \nLet's say today I went \""Going Postal\""",5
Done with the pre calling card part of palace three. Finished it in one run. It's was interesting due to the whole thing being a,5
Interesting how someone so anti-Trump can share so many of his most heinous qualities.,5
huh. at the japanese hi touch event you can go through multiple time if you have more than one card? Interesting.,5
Compared to now it's interesting to see how the relations with Islam and Muslim people has changed from these times. #hist2260,5
i was wondering what is so interesting about twice........????? i dont get it.,5
And where's Malfoy? In stinking Slytherin.' What are all kinds of Exploding Snape? Interesting lesson  wasn't it?,5
Well this is interesting..,5
If you havent heard of this twitter account yet  @ThomasWictor check it out. Interesting theories  reverse trolls and random rants. Good,5
@AlessiaMonique never followed some1  u look interesting  u r the 1st :)),5
@NileshC02170214 Thanks for the follow. I hope you find interesting and funny Tweets here!,5
50 Shades of Grey is interesting.,5
it's not clever  it's not funny  it's not cool  it's not interesting. it's a stupidly cheap way to give the Doctor access to more resources,0
Add value to people's newsfeed by Tweetingmhumtr  interesting information  discounts  exclusives and life hacks.,5
Almost like a quantum effect. The more attention I pay to my Twitter feed  the more interesting news there is to keep my attention...,5
Golfing in the morning should be interesting,5
I'm so glad I went to see persian bae tonight he's so interesting,5
Guys have you played this interesting game #EarnTheJersey? #ApolloXManUtd play and earn #ManUtd Jersey @apollotyres,5
Have you played this interesting game? Do download the app now &amp; start playing to #EarnTheJersey #ApolloXManUtd @apollotyres,5
today \nwas interesting,5
Watched THE AMERICANIZATION OF EMILY. An interesting classic rom-dramedy that seems like an obvious skeleton for the plot of LIVE.DIE.REPEAT,5
Interesting  that is indeed quite petty.,5
When Lex told JK it wasn't that interesting but the moment i listened to his songs it changed completely.                 #ILOVEJUNGKOOK :),5
Interesting that these rumours are in the streets before media reports on them. It must be someone very close that's leaking them. But why?,5
there are so many interesting settings for games of all kinds to explore but we stick to the same tired stereotypes again and again,5
James i have an interesting question. In the area do you what is the Oldest and Youngest animal evolutionary wise? #Safarilive,5
Interesting game so far!  Will play some more of it on Monday  likely along with some games of PUBG!  Probably a very long stream on Monday!,5
Tomorrow will be interesting...,5
Tweeps have you played this interesting game #EarnTheJersey? #ApolloXManUtd play and earn #ManUtd Jersey @apollotyres,5
And now the @British_Airways app has given up. Getting home from Santorini with 2 infants should be interesting,5
