Hurriyat leaders kids are studying outside India &amp; poor people are #stone pelting there . Shame on #Hurriyat leaders,8
Damn shame how people are sleeping on goldlink,8
@EddieHearn  You fucking scumbag. You didn't even mention the English abusing the moments silence to Manchester victims. Shame on you.,8
it's sad the number of times i've been told that someone has seen my old fake id hanging on the wall of shame at a liquor store,8
A damn shame...,8
hey everyone  go vote because otherwise someone might try to shame you for not having awful bc opinions,8
Shame on Margaret Court. We support the name change of the arena to one that celebrates diversity @MCourtArena,8
The collestiy; noun for pwstrie  is shame. Today I ave .pshame of donut holes.,8
@swatitripathi06 Hello SWATI! I was just over in yer neighborhood but didn't see ya! Shame! Come on over to my WH - Mel's never there - OK!!,8
"\""he said the way my blues eyes shine put those Georgia stars to shame that night\""",8
21. No shame  twilight hahahahaha,0
yall don't even know my ass will Split on you so hard if you tryna give me that Shame for loving transformers?,8
I know who you are Mystery person commenting nasty. I see your still immature. I'm not in love w you anymore. You can body shame ur next gf,8
After body shaming n eating crow  @DeShobhaa Absurd article in TOI exposes her... Shame on u..limit to being antinational.. @republic,8
"\""Whatever is begun in anger ends in shame.\"" - Benjamin Franklin",8
Looks like Greg Allman died today. Shame,8
The coolest thing about growing up Catholic is that now I get to have shame fetishes @JimNorton,8
Shame the one sided,8
This is part inner shame and just part discomfort with the idea of talking in the past tense when I'm not done with school.,8
"do ya ever look at your dog and think \""oh she got fat\"" and then you think \""fuck i shouldn't fat shame my dog\"" \n\ncause same",8
In nature of this pl power to live l ven or would have betrayed their shame.,8
Clubs win 2 of 3 as the bats heat up. Chain of shame to @Kikbrunel &amp; @gilco15 and @devonsmith08 looks great in a bullets jersey.,8
I wonder if #Trump voters feel any shame?  Or are they too ignorant to grasp the depth of the international #fiasco they're responsible for?,8
I'm literally an old man. Cooked myself dinner and watched movies all night. No shame.,8
It is not a match. Shame.,8
Such a shame,8
@adgpi Kudos to our Brothers in uniform for killing 8 terrorists yesterday in J&amp;K. Shame on those traitors who support terrorists.,8
I actually tell people we're married. Damn shame.,8
@DHONIism admin  it's such a shame that we need to tell you how to behave  being a Dhoni fan you've let us down  stop your comparisons ffs.,8
Its a shame on the entire .. that a man in saffron robes has to say what a top political leader shd have the guts to say,8
People on twitter will shame you lewding futbaba who is 15 and instead cheer you on to fuck your teacher\/doctor.,8
If a man deceives me once  shame on him; if he deceives me twice  shame on me. - Italian proverb #ALDUBWalangIwanan,8
Well I'ma stick up for fandom a bit. Fuck TAW  seriously. Don't let him or ANYONE shame you for spending money on smth that makes you happy.,8
Kung makapagsalita kayo akala niyo kung sino kayo ha!  Shame on you people!,8
You got a shame sandwich with a side of shit,8
kink shame the moon,8
All the public does is slut shame her for no reason. So please people get over yourselves the more you try and bring her down the more,8
#benghazi If Obama's or Hillary's daughters were stationed at Bengazi  would they have sent help to Bengazi that night? I think YES! Shame!,8
Part of me is vague about this b\/c of unnecessary inner shame  and a genuine belief I shouldn't talk about this in the past tense yet.,8
Maxime Bernier didn't win the Conservative nomination? What the hell? Thought it was a lock...What a shame. Guess I'll be voting Libertarian,8
Tfw i post the same picture everywhere hahahahahahahhahahaha uh no shame,0
That walk of shame.,8
I just realised I forgot to put gsnk in my profile wtf shame on me despite reading it religiously,8
i don't think ill ever be happy and that's a shame,8
Fool me one time shame on you  fool me twice can't put the blame on you,8
everyone is out doing whatever and I'm in bed watching a movie with my dog... no shame,0
omg the service is so bad here but the view is so pretty   what a shame,8
@ksatnews @ursulapari it's former President Obama just as I've heard you respect the Bushes and Bill Clinton  shame on you you know better!,8
Very impressed with Errol Spence today and no shame in an honorable surrender by Kell Brook.. #boxing #SpenceBrook,0
It's a SHAME that on Terry Collins 68th birthday he finds himself managing MLB 's version of #BadNewsBears  Mets are as INEPT as LIBS #TRUTH,8
In the midst of composing an original composition. Shame  but my inspiration is fleeting....,8
"When anymore scores ahead  we have to say \""TAKES the lead\"" bc no one consented. \n#Shame",8
Aw man I forgot how strong Samurai Jack season 5 started. What a shame.,8
It's a shame we won't have the dynamic Memphis vs. Milwaukee #NBAFinals everyone was jacked for.,8
#realDonaldTrump The national disgrace  white knuckle handshakes  elbowing ...Make America Shame Again by Donkey Trump !,8
Now I'm like  It's a goddamn shame\nWe done crashed  we done burned\nBut baby you the gxd damn blame,8
In 20|4  I'll invent tantric frozen pizza eating. The goal's to eat as slowlyjas possgble so you can savorgthe shame.,8
remember when taylor swift for used better than revenge to slut shame camilla belle... and y'all still stan??,8
@kamaalrkhan kyun ijjat bechakar paisa kama rha h ..Paisa kamana h to jigolo ban ja better rahega..#Shame on you KRK,8
@Microsoft thinks of Mexico like Trump. Never launched the Zune here. Never gave good support for the first Surface Pros. It's a shame.,8
What a shame ? Our people don't deserve good thing to be in this Nation. Catch &amp; Punished them heavily. Discipline is the backbone of all.,8
"When Baylor scores ahead  we have to say \""TAKES the lead\"" bc no one consented. \n#Shame",8
i still play temple run  and i have absolutely no shame in it.,0
@USAA You are a shameful hypocritical company. Hannity is big supporter of troops. You caved. Shame.,8
@wgnamerica becoming a far-right news channel. Shame about @UndergroundWGN and @OutsidersWGN both great shows kaput. #underground #outsiders,8
"\""Nobody said it was easy\nIt's such a shame for us to part\""",8
Now I'm like  It's a gxddamn shame\nWe done crashed  we done burned\nBut baby you the gxd damn blame,8
"\""Wow! Where'd you get that? It would be a shame if someone like me broke it!\""",8
"Confused. I follow them away from the ride on what other day folks online call the \""Walk to Shame\"" through some secret passageway.",8
The public have neither shame or gratitude. - William Hazlitt #ALDUBWalangIwanan,8
@DNC R u really grown adults? U r acting like childness Bullies..shame  shame  shame on u.! Get back to the real work we r paying u for!,8
@RalphNortham Its deplorable what you are saying about our president. Nice message to our children. Think about it. Shame on you,8
It's a shame how #NBATwitter disrespect Kobe Bryant. They put him as the #7 best player that touched the court and #12  and #15... Really?,8
Pieces won't mend back together that's a shame,8
What a shame,8
Nobody said it was easy It's such a shame for us to part nobody said it was easy no one ever said it would be this hard,8
It's the kinkshame police here to remind you you're all worthy of shame,8
If you're not popping mollys at goth nite rn shame on you,8
Hahaha! What a shame  huh!?,8
cheol's gone and imma just delete all my tweets in shame :),8
@innonfifth Beautiful hotel. Great location. Shame our room smells of damp and we're having to spend our first night in mould. Please sort!,8
It's a shame that you think i'm gonna stick around for a while ... once i'm done for good  that's it for you.,8
@ExtraTimeRadio how in the world have you not mentioned Kemar Lawrence in the best leftback conversation? Shame!,8
@RepAdrianSmith SHAME ON YOU! EVERYBODY DESERVES TO EAT! EVEN THE POOR.NOT EVERYONE DESERVES A TAX CUT! SHAME ON YOU-U LOST MY VOTE!,8
Massive shout out to #myers Frankston for clearance sale! Shame the men's changing rooms are closed or I'd be in danger of buying clothes.,8
"\""Oh you want to talk after that\"" mi shame fi Yuh skatta #tvjmkq #mkq10",8
It's a shame that my own father asked me why I haven't brought nobody home to met him yet  ughhhhh bc everyone I met isn't bring home worthy,8
Fool me one time  shame on you\nFool me twice  can't put the blame on you\nFool me three times  fuck the peace sign,8
@JohnCornyn - Have you lost your mind? Fake News? You can always tell a Trump\/Putin puppet from the tweets they spout #SHAME,8
if my lady was pregnant i give like the best foot messeges and i have no shame in eating the pussy of my pregnant wife i like okay done,0
I can't believe fr money @BCCI can do any thing shame on u thr is no need to play match agnst Pak if we do tht it will isolate pak worldwide,8
One womb\rOne shame\rOne reason\rLiberate this will\rTo release us all\r\rA Perfect Circle,8
if jeonghan does a menpa i will have no shame ill really go all out i need him to know that i love him and would die for him in a heartbeat,0
@RazdanNidhi when whole nation chanting valor of our army not a single tweet from your side. Shame on you nidhi.,8
Tell the truth  shame the devil,8
"\""It's a shame I'm not allowed to love you.\""",8
song's nice but rlly thats more of nayeong ft hongki than a ft island ft nayeong... shame,8
@shobhaade Shame on ur HRC ready to react when it comes to kashmiri patharbaz and turns blind eye when army men are harassed and rediculed,8
Why are people trying to body shame pristin members? Y'all need some notes on how to appreciate the beauty and talent of girl groups,8
.@morningmika do you think the #shame of what you did to @JoeNBC &amp; his wife's #marriage contributed to Zbig's demise? #HomeWreckerMika @nbc,8
It's a shame that I had to drive to Columbia  these people don't here ain't about their money man!,8
Shame how Indians in Malaysia gotta front like their government really gives a shit about them or they'll be jailed for saying otherwise.,8
Reasons why I never buy #nutella . I just ate 8 spoonfuls of nutella. #food #shame #Cheerstotheweekend #addict,8
Shame on me for getting too excited knowing he wants it and does things to achieve it  fans want it  but fuckin ROI gets in the way.,8
shame @aitzolarev,8
No One Will Understand that Mistake Made in Giving a Household Name When Slut Shame Was the Fame that Came.,8
My breath smells like this Casino.\nEggs  cigarettes  and shame.,8
A shame there isn't an index investment fund for criminal defense attorneys in Washington DC. I could make a fortune.,8
Gr8 #DnD session. Made friends with cultists  aerial combat w\/obligatory leap btwen mounts  &amp; slew manticore. Shame we'll have to wreck em.,8
Can i hire a dominatrix to come over and shame me into cleaning up and organizing my room? Is that a thing,8
So much words and yet you can't even excercise it. What a shame,8
I had so much confident last year w\/ myself and now I don't what a shame ):,8
It's a shame Laura stopped talking to her parents. #FixMyLife,8
I had so much confidence w\/ myself last year  now I don't what a shame ):,8
It's such a shame you let this good love go to waste,8
It's a terrible shame  since Britain and the US both benefit from the strong  independent left-leaning journalism the Guardian has provided.,8
I really do feel bad for my ex  it's shame that he's so hateful  but I understand his home life is literally shit. &amp; his dad is crazy,8
@realDonaldTrump your a fool you should resign before you do major harm to all of us. Shame on you,8
It's a shame Mike Trout plays for the Angels because nobody gives a damn about that team nor does anyone watch their games. He's so good.,8
I really hadn't blocked anyone since like 2011. Shame.,8
@Christian_Borle so my daughter has waited for you twice - and you don't show. Shame,8
You're a dime plus 99 and it's a shame  don't even know what you're worth,8
#RogueKplc are good at monopolizing their services in mandera Town.They ration power ONLY on Ramadhan time a case of shame @KenyaPower_Care,8
#Shame,8
I'm protecting you from shame,8
You can tell her all the bad things I've done... but not once has ur name been put to shame with me...,8
It's a shame you're not me  I'm so great,8
Thank you @barrymanilow for putting on such an amazing show tonight. You put all the youngsters tryin to do it to shame! @FoxwoodsCT,8
no shame in being shady lol,6
congress is the bunch of worst people in this world. shame congress shame,8
@kayleighmcenany CNN I can't befriend you . it's a shame you sell yourself short for CNN,8
"\""True humility is the only antidote to shame.\""",8
Fool me one time shame on you fool me twice cant put the blame on you,8
MY GUIKT N MX SHAME AKWAYS SELL ME SHORT ALWAYS FEEL THE SANE AND MY FACE AND MY SOUL,8
I really liked Ouija Origin of evil up until the last 10 minutes  shame. 7\/10,8
1) A couple more results like this  and Coach Hank will probably lose his job as head coach of Indy XI. It's a shame.,8
Walk of shame o'clock,8
My Saturday night consists of laundry and dancing around the house to Britney Spears. No shame,0
I don't have shame so I'm in a good position right now. Get rekt,8
how u gon slut shame but like the picture??? lol,8
2) Shame b\/c those who think we will magically wake up to a new coach and better results haven't been paying attention.,8
you still gon' talk  and that's a goddam shame  but a hoe gon' be a hoe  &amp; a lame gon' be a lame. FUCKBOY.,8
Me trying to work this PS4 .. a shame lol,8
Inis pa rin ako sa parents ko for justifying mocha uson my god such a shame,8
It's a shame that he's from NJ and plays in LA but Trout may be the best player I'll ever see. My god  holy shit is he good,8
@Shahidmasooddr chand poray pakistan mey dekha gaya likin Ap k munib ko nazar nahi Aya Us par tanqed krny k bjay popalzai par tnqed shame,8
Should've known your love was a game !!!\nNow i cant get you out of my brain  its such a SHAME !!!,8
@PlayOverwatch dance emotes should be added to reg boxes! its such a fun way to build community n interact w ur team its a shame its limited,8
"you: \""I love meat  its a shame so many animals have to die for it though\""\nme  an intellectual: *hates meat  but eats it so animals suffer*",8
Its just a shame. Like why can't our people have access to decent medical care too? Without having to travel an hour out of the way?,8
.@BBCJLandale: Reminder: it's my job  as a pub goer  to speculate wildly. It's yours  as a journalist  to verify BEFORE speaking. Shame!,8
Passion and apathy  and glory and shame:,8
"For the past few months) and i said yeah  \""oh so you below 18\"" \""yeah\"" \""oh..what a shame *looks at my ass* take care of urself &amp; know that",8
Damn damn damn that's a god damn shame,8
you so caught up in social media it's a shame,8
It's a very shame. \nHeadphones stolen  LED damaged in Mumbai Goa Tejas express.,8
Me trying to work this PS4 .. a shame lol,8
I want to give a massive shoutout to the @skycurser demo. It's a fantastic shmup and it's a damn shame you can only play it in an arcade!,8
@Casper Shame  I was so close to buying a California King from you this Wednesday. Since you pulled your ads from @seanhannity I will NOT 1\/,8
I don't have any idea where to watch or read the news anymore. What a shame  lie after lie. I guess it's One America News for me.,8
"\""He that answereth a matter before he heareth it  it is folly and shame unto him.\"" ~Proverbs 18:13 #Bible",8
@FoxNews if Hannity goes  so do we. You are finished. We don't need another CNN  MSNBC  CBS...ETC. Your ratings are tanking. Shame on you.,8
Im so quick to stop my drinking &amp; leave the party to go to sleep lmao no shame in my walk out game,0
No shame in losing to Spence  GGG fight looks like a mistake looking back  hard to.recover from those kind of injuries,8
Because you can. Because it's beautiful and amazing and a damn shame that we were EVER pushed to stop.,8
I will show you what true shame is.,8
@AmericanAir You didn't even know I flew Qatar &amp; was now in Abu Dhabi until I told you so. What a f***in shame!,8
for shame Beams  for shame\n#AFLPiesLions #gopies #sidebyside,8
shame on u girl!,8
So shame man,8
If i like yo photo and shit i aint flirting if i wanna flirt i'll dm you aint no shame in my game,0
just ordered texas roadhouse togo and got two baskets of rolls.... no shame whatsoever,0
@RazerSupport My razer blade no longer charges properly  now useless for gaming. Shame a 2.7k device has a sub  2 year life span.,8
It's a shame that @TheLeftoversHBO totally dropped the ball on season 3's intro.,8
@OfficeOfRG khalisthan flags and posters along with electricity minister scam in Punjab way to go @capt_amarinder shame shame,8
Shame on @tedwheeler for walking out on a vigil tonight,8
Won't have any shame in crying in front of you if it's over a cat,8
It's a shame to say I don't know anyone whose interested in me or even get approached or asked on dates,8
@PrincessBravato \nIt truly is a shame  Princess.\nI still don't understand how\nHe was elected. I\nDazed &amp; Confused \nPrincess.\n# Hero's weekend,8
I have no shame in admitting how much I like Bruno Mars  dude is so talented.,0
As a person celebrating memorial weekend I feel like I'm at least three to four sentimental pictures behind along with deep quotes. #shame,8
It's a shame people are more concerned with what you have going on than what's going on with you.,8
I hate when customers basically shame me for not speaking Spanish. Like I'm sorry?,8
"\""I left my shame in Topeka\""",8
if u shame other people for taking selfies in public  WYD????,8
Also my general appearance at this hour. Shame.,8
y'all can be so toxic sometimes. a damn shame.,8
Forever proud of my parents for going out there and actually doing something new. Such a shame the way life has to keep hitting out so hard.,8
Rock in Peace to a true legend in Greg Allman. My teachers and I were just talking about the brothers  on Friday. A damn shame,8
@Ballou1010xl that was one awesome concert. If you live in Jax and weren't there then shame on you.,8
I'm always RTing stuff related to The Used and I feel bad for spamming but have no shame of doing it whoops.,0
I haven't gotten to be super romantic in years. Its such a shame.,8
Fool me once  shame on you. Fool me twice...\n\nFUCK YOU!!!!!!!!!!!!!!!!!!!,8
Ppl who would not dream of shaming you 4 your race  nationality  religion  LGBTQIAP  disability will be quick 2 shame your 4 your weight.,8
Currently on my fourth plate of pasta. No shame,0
Men of the West should be able to enjoy good beer  good discussion  good books  good buds and good tits w\/of shame,8
dear crush:\ni love you and your orange taste. it's a shame i hate soda.,8
It really is a shame about Berserk's animation  because the direction and art design are pretty great.,8
why some ARMYs are disgusting me holy stabh it BTS got the shame u know that plsplsplsplspls stop,8
@KlasraRauf sir this govt think that only Lahore is pakistan. Worse loadshedding in south punjab . Shame on this corrupt govt,8
I'll always be there for you  I'll always be there for you girl i have no shame,0
It's a shame I have to press charges and get an order of protection on my own roommate &amp; have her get arrested,8
@Sanatan_Dharma_ yogiji if the incident of SNMC Agra during the visit of Minister is true den its a shame and against Sabka Sath Sabka vikas,8
What a shame the poor grooms bride is a whore,8
@JoeNBC Joe  I remember when in the not too distant past  you had a brain....now you are just a liberal puppet..such a shame.,8
"\""It's a shame that media don't let restaurants grow into their skin.\"" First review should be 6 months post open says @maxveenhuyzen #WAFADS",8
What crap service @LeShuttle - u charge me a premium to take 4:33am shuttle  then don't let me board.  #StolenMoney #BadService #Shame,8
goodnight my love  my lovely love  goddamn shame to be a traitor.,8
Jesus closed the door on shame and opened the door to repentance and freedom. #SheReadsTruth,8
Where's PETA now!where are the celebrities who tell peoples 2go veg but shut their mouths when such shame incidents occur?this is ridiculous,8
That fucking guy is gonna pull us out of the Paris Agreement? Maybe the rest of the world can save us from ourselves. #shame,8
A shame,8
It's a shame that there were so many people who knew how ill my Mom was but never came around or offered a helping hand.,8
Don't kink shame birds,8
it's a shame loyalty has to be praised these days instead of it being the norm,8
hey kids we're all just the same  what a shame,8
dipper is like an injured raccoon or something literally want her to see the shame that was last sunday,8
Hehehehe shame on me hehehehe wth huhuhuii,8
Shame on you is SOY,8
Made the mistake of gassing you up  now you switched up on me  what a shame,8
quick psa: if you shame your girlfriend for having cellulite or stretch marks you don't deserve to have her!!!,8
Blaring Miley at Robbys. No shame!,8
were all just the same  what a shame.,8
Shame on Ashutosh\nUP minister's visit forced the poor patients out of hospital in heat including critical patients to get rid of congestion.,8
Shame on you  #NBC  for depicting our lawful #ICE agents as brutal unfeeling fascists in your final episode of #SVU. You ruined a good show.,8
Andha kanoon kumsay kum #ramadan kay month ko tu chhor du  ...#shame #Governance #loadshedding khuda se daro,8
It's like my family is racist &amp; they body shame without meaning to ??,8
Your love carried all my shame.,8
#MaishaconferenceKE We cannot tackle this epidemic unless we can break the silence and remove the stigma [shame] that surrounds it.,8
#VerifyShelbyRabara shame on u @Twitter,8
This French Onion Soup at Wilde Bar tastes like movie theater butter and it's making me feel shame.,8
Bingeing #Riverdale with no shame.,8
It's a shame there isn't an audience here with us  though...,8
"What does a sports copy editor watch during his shift? Not real basketball  but \""Space Jam\"". No shame",8
#MLM Trips  Its a shame they don't stay in one place for more than five minutes  Take in the scenery  more interested in the selfie pics.,8
Fool me once shame on you fool me twice shame on me. Poor shame.,8
Also  when Ozil is in form he is one of the best midfielders in the PL. Just a shame he is a hit and miss.,8
#RGFights4Dalits \nJust to make it to the headlines  he do all such acts like he did yesterday. Shame on Raga. Think of the country.,8
It's shame I don't do shit on my days off,8
Real shame Chicago Justice didnt get another season :(,8
dear future child\ni'll always be accepting and i hope we have a bond where you can tell me anything i'll never body shame you and i'll love+,8
Sm1 posted the bought awards by Ambitiouz records on insta before the show....  and the predictions were true!!! It's a damn shame,8
I didn't think Pirates of the Caribbean: DMTNT would be good  but I didn't think it would be that brutally bad. Shame  Johnny Depp. Shame.,8
I know my people ga make me shame lol smt,8
@airtelindia validity for.my dth was 28may  but you guys have suspended it today\nHave shame,8
I thinks it's a shame when you put your fave' name to your username but use it just to gain followers to your own popularity,8
it's such a shame for us to part,8
It's such a shame when you give all your time and effort to someone only to have them give you the dead ends of things.,8
Fool me once  shame on you; Fool me twice  shame on me.,8
i will personally slit elbows if someone dares fat shame kyla she's such a beautiful healthy young woman why must yall even,8
shame on you,8
Mess with me  shame on you  mess with my mom... now we have major issues,8
Fool me one time  shame on you. Fool me twice  can't put the blame on you. Fool me 3x fvck the peace sign,8
@rjraunac.shame on u yr kbi kisi or CM pr mjak krna..tmhre sb episode me sirf kejriwal?kyu ki tm zee pe ho islye..pehle rspct thi pr ab ni,8
i can't believe there is an account that body shame sungyeon's body this is so fucking ugly,8
Hey @aaronramsey you killed Bielsa's mom  the bass player of Rata Blanca and the songwriter Greg Allman! Shame on you!,8
Some girls still body shame ? Lmao can't relate,8
"Been reading \""dog company\"" shows the betrayal of our troops by PC correct upper command.  Shame on them  they cost a lot of young lives...",8
Laws meant to criminalize and shame women for abortion -- something that is  by federal law  still legal.,8
All I did today was watch YouTube videos  what a shame,8
Definitely agree the ultimate walk of shame is when you carry every cup you've ever left in your bedroom downstairs to the sink...,8
It astounds me when ppl try to shame me for not listening to the music they like. Also  it doesn't work. I will not listen. So...stop it...,8
TIME TO RESTORE THE GOOD HABITS; PRACTICES &amp; SHAME THE EVIL FOR WHAT IT IS  EVIL. TIME TO OPPOSE RESISTANCE,8
nobody said it was easy  its such a shame for us to part,8
Anything you ever do at Walmart is caught on camera &amp; they will shame you on social media #JustFYI #Really,8
Also  when Ozil is in form  he is one of the best players in the PL. Just a shame that he is a hit and miss.,8
Damn shame! Lol,8
glove full of tarter and a heart full of shame - me  when I dropped 538647 toothpicks in the tarter @ work today,8
shame,8
p5 had a strong start; the plot weakens when haru was introduced till the end of the game. kinda a shame,8
yall will shame people for literally everything .. let people be,8
Not to mention it's pretty sexist to shame men for a hairstyle that's traditionally feminine,8
Hi I'm not dead yet. Shame,8
Damn I'd be such a good bf it's a real big shame I'm ugly and asocial and don't live near anyone,8
Just caught up on cup final. Shame on @VictorMoses . Will be forever remembered for getting sent off in a FA cup final for diving. #cheat,8
Epic fail @ornlfcu !!! My Mom's account is hacked. Criminals are pulling money from her account &amp; you have no 24-hour fraud alert!!! #shame,8
Dog shows its gratitude 2 those who feed But these R elements who deserve no treatment as human beings Worse than vultures Shame on them,8
It's 2017 why do people still shame women for their career choices,8
Life is too short to be stressing about shit you can't even control  shame im barley finding out,8
The chicken and rice from two days ago was so bad when reheating it that when I chucked it in the trash it felt like burying my shame DX&gt;,8
Never doubted Trevor for a minute  shame on y'all.,8
shame 3 members had to leave for exo m to get the atrention they deserve,8
Fuck around now a nigga gotta shame you,8
you let people pleasing become a problem for you... shame,8
shame on me for holding on to something that never existed,8
Evelyn Champagne King - Shame #myVR #playingnow #listenlive,8
Sitting here imploding with laughter thinking about how @matthew_ezell &amp; I agreed to shame the dog whenever she farts haha #shecantsitwithus,8
i also finished the whole season of riverdale today. no shame,0
i stg its gonna be a damn shame when i got time for everything else but you.,8
"\""Guilt is nature's Adderall  and shame is nature's cocaine.\""  - Martin Sheen",8
Rankin a shame me did want sumn better fi me money #MkQ10,8
Just kidding don't fat shame,8
In 2014  I'll invent tantric erozen pizza eating. The goal's to eat as slowly as posxible so you can savor the shame.,8
You also can't shame a woman for dressing provocatively and not putting out for you. Should be common sense cause women don't owe us shit,8
#SchapelleCorby you media vultures just ain't gonna let her outa prison are you  shame on you,8
Shame on you for saying anything about Hillary Clinton's stamina  you clown.,8
So my suspicious were correct. That's That's a damn shame and I hope you get what's handed to you,8
Mormons have no shame,8
"(shows the shirtless gendry scene) such a shame he has to keep his shirt on cus its so cold up north\"" lkaghfoiauhoalifgjpa-290-5??",8
Not hate   just shame,8
Fool me one time shame on you  fool me twice can't put the blame on you,8
don't shame people for what they can't control it's that simple,8
These racists really have no shame?,5
What a shame  dude.,8
shame on u smh,8
Just saw in republic TV Delhi colleges have isis slogans. Shame on capital. Where are you sleeping mr @ArvindKejriwal,8
it's a shame no ones ever won rookie of the year twice,8
In regards to Dick Immel posting those older Dual Lineups. G Damn shame we couldn't Time travel Tom to now and watch Flo et cetera lose...,8
keep their mouth shut. because dumbasses like to shame them when they actually open up and feel the need to explain themselves to others,8
Looks like either way I'll need to kill something or someone. A shame..,8
A BALD SHAME,8
#ITurnedTerrorist shame on media 4 propagating these kind of nonsense terrorist r terrorist nthng mor thn tht nd @adgpi will send them to 72,8
Shame on @CollingwoodFC. Can hardly change their jumper for the indigenous round. #aflpieslions,8
#TimesNow is such bullshit channel it sells its all moral values  integrity for black money you destroyed reporting shame on you,8
Brit: I didn't want to approach the taboo as something edgy; I just wanted to unpack the shame around it &amp; the emotional resonance of it.,8
"Honestly what\nWhy are you sliding into my DMs the same minute you post a pic of your \""gf\""\nWhat \nIs there any shame",8
Shame on @KElectricPk \n#ShameOnKE,8
And in Snapchat I just saw your cocktail. That's a shame ! Looks like I have to make a cocktail bar to show you what the party is.,8
Fool me once shame on you  fool me twice shame on me.,8
@DrKumarVishwas @Saurabh_MLAgk @ashutosh83B Was ur EVM hacking complaint against Bostwana EC? U Blaim world'Best election process Shame on U,8
Stabbing Westward - Shame,8
such a shame,8
I was enjoying that fic until it brought up kevin\/aaron.... LMAO BYEE !!    what a shame it was a funny fic,8
All this time put into y'all tweets could be time for making money . Damn shame,8
Shame on you x 1000  Soo.,8
Parallel lines have so much in common. It's a shame they'll never meet.,8
Not a word of praise for Army  today from  @RanaAyyub @sagarikaghose @BDUTT @bainjal @sardesairajdeep @bprerna . Its shame shame,8
Fool me once  shame on me.. A fool won't get fooled again.  #truestory,8
I keep forgetting  it's bank holiday this week. Shame  I have to go to the lab.,8
I can't wait until there's completely no shame in my game a bih can't tell me nothing,0
That's a damn shame when your son asks to call you &amp; you don't answer,8
Hi I eat like 5 000 calories a day. No shame!,0
Hi  I eat like 5 000 calories a day. No shame!,0
girls who shame other girls and dont even kno dem make me sad like ??? sum ppl got such an ugly personality :(,8
Blach getting another earned run on his line shame,8
It's a shame my girl Cami is following her though,8
@CincinnatiZoo you are not the greatest zoo in America. You killed our sweet prince. Shame! Shame! Shame!,8
it's a shame how people only hit you up when they want something from you,8
1st day of #Ramadan.40C predicted to touch 48  no electricity since 4am. #Hyderabad 2nd largest city @BBhuttoZardari. \nShame @hinaparvezbutt,8
it's a shame you didn't keep it ...,8
Smart people doing stupid stuff is a shame,8
Isn't this a ridiculous shame?,8
What a damn shame .,8
Weird how the women who bitch about body shaming are the first to dick shame a nigga for being average sized and not an 8in super man,8
Like I have no shame I would @ him but I already blew his phone up today while he left me on read lmao,0
question to me - do i have the sheer willpower to let these exist w\/o shame or apology  and i think i fuckin do,8
What a decent night at unit 51  shame about @its_mcsmall1  tho lol,8
Fool me one time  shame on you.,8
"\""A wise servant shall have rule over a son that causeth shame  and shall have part of the inheritance among the brethren.\"" ~Proverbs 17:2",8
@Citibank Spamming for marketing ?? What a shame,8
Fool me once shame on you  fool me twice can't put the blame on you,8
Ramadan came to the point when I take showers at 12am I have no shame at all,0
shame on u kji,8
minhyuk is out there putting all girls to shame...he's so pretty wow \n\nhonestly can't relate,8
"*Scene*\nYour mother comes in  spinning a fidget spinner in each hand  looks at you and whispers  \""You're adopted \"" as you cry in shame.",8
nobody said it was easy  oh  it's such a shame for us to part,8
It really is a shame that they blocked my vid in Japan  since I first found out about this song on YouTube in a PMV,8
I've eaten two cupcakes and cried for the past 15 min and have no shame,0
Damn Kingston just straight up peed on the couch. Like no shame just went to work. Smh,8
It's a shame you didn't want it when you had it.,8
I don't see how degenerate marxist liberals can boldly lie and spew propaganda  day after day  without feeling any sense of shame.,8
Don't vacation shame me. Or try to.,8
As each day passes it looks more like the #Resistance are the True Patriots while @POTUS and @VP defend Russian collusion. Shame on the @GOP,8
Don't have anyone to dribk text what a shame,8
All these drinks and nobody drinking  a damn shame.,8
We needed to do more to shame the traitorous Confederates but the Union were too cowardly and too racist to do it. And what did it give us?,8
"Oh  I'm so embarrassed. Goddess has TWO bloody \""d's\""!!!!! A misspelling 4ever to shame me. So sorry D. At least I got the God part right.",8
Fool me twice  shame on me. I put my heart where my trust was shaky.,8
A shame.,8
Footy day Seymour Vs Yea. Good luck today Brandon what a shame it's a freezer of a day,8
Imagine your tears carry some of the sadness out of you...it's a shame they don't.,8
What a shame that you've lost a brain that you never had,8
Wenger : The lack of respect from some has been a disgrace and I will never accept that. I will never forget it.\n\nHang your heads in shame.,8
No shame,0
People don't realize when they have something good in front of them. What a shame,8
oh jeff koons. you shouldn't have done it in the 1st place  but now we'll find your plagarism easy. it's a shame cuz you could do good stuff,8
SHAME ON ME,8
THE real walk of shame is waking from the back of a crowded dinning room to the kitchen an hour late,8
Its so sad to see our men shame their own women.. your lost hunny,8
logan has so many muscles  hed put trunks in ascended super saiyan to shame.,8
It's a shame,8
It's a shame that this full piece orchestra for #LaLaLandBowl doesn't have a keytar player.,8
Bit of a shame Jed Anderson just missed senior selection. No indigenous Roo in side today. Thomas (suspension)  Simpkin &amp; Ahern (injury) out,8
I don't remember having any problems w\/ Harper but I'm sure more we can shame people for being willing to change their minds better we'll be,8
"@StarbucksCanada is ur new greeting - \""r u here 4 moral support or u wanna place an order?\"" Just got it from ur cashier upon my turn..Shame",8
SHAME On U @AbidSherAli  . @KhawajaMAsif  and MEPCO..First Sehri without Light .Bahawalpur,8
Just happy to drop they kids off &amp; get out in the streets  smh damn shame,8
let he is without kink cast the first shame,8
You made feel so used  stupid  foolish  shame  &amp; anger that I let this all happen. I was warned about you but I didn't listen.,8
Trump strike out on his trip.  Trump is the brand of shame.  Impeached and Imprisoner Traitor Trump. Boycott all biz from Trump and Kushner,8
Big difference there between Germany and Iraq. Germans dumbed down real quick because they felt shame  not Iraqis  they were the victims.,8
I have lived in Naples the past 20 years and have gone to downtown Fort Myers once before tonight  this is a shame,8
Trump is the brand of shame.  Impeached and Imprisoner Traitor Trump. Boycott all biz from Trump and Kushner @cnnbrk,8
Shame @GovGaryJohnson isn't our president....... no war  women's bodies wouldn't be under attack  and mass incarceration\/drug war would end,8
it's a shame my friends still don't know how to spell my name .,8
i'm still here  my eyes you fall \/ sick with shame you don't know a real,8
No fucking reason to feel shame when you didn't do anything to cause GETTING ALL YOUR SHIT BLOWN UP  only resentment.,8
There was only one good Hestia and now she's gone\n\nIt's a shame,8
I keep things a certain way for a reason. Bout to start locking doors out this hoe. A damn shame man ugh,8
Nobody watches movies with me and that's a shame because I know a lot of fun facts,8
Very disappointed in my first slurpee. I must get a second to wash away the shame.,8
This life has got me snoring in shame.,8
I'm still waiting to hear @LilTunechi album it's a Shame that you have to fight for your freedom of expression as an artist.,8
Headed out to 6th street but can't stop thinking about Warriors-Cavs  no shame,8
@toluolisa Oloriburuku ni e oo. You wey be like burnt dodo dey body shame person.. Ko ni da fun e,8
I hope Osorio is reserving Tecatito for the confed cup because it's a damn shame to bench such a talented player,8
it's 2017 &amp; high school musical 3 still ain't on netflix ... thassa shame,8
Fool me once  shame on you. Fool me twice... and every other time after that? I'm clearly a fucking idiot,8
i just wish it had a .... cuter design.. .  esp considering its name.......... its a.     shame,8
Damn shame. Smh.,8
Hillary's debate answer on this? Serious voter fraud  shame! Bad,8
what a shame that you came here with someone,8
Shame we only have 2 parties to choose from in the US - Dems and hypocrites #ImpeachTrump fuck you @SpeakerRyan,8
@NYCMayor Shame on you for allowing a FALN terrorist to be honored in a parade in your city.,8
I drink alone with zero shame lol,8
I attract all races. I also have attracted women as well as men. I don't have time to pick people apart or shame them.,8
The haters can't enjoy my sense of shame *strums guitar* for fuck's sake,8
sugar and carbs are a great soother to a hurting heart... don't have an ounce of shame about it\n#pasta #icecream,8
Body shame  like prejudice  is not natural. It is learned from others and benefits no one.,8
Fats Domino - Ain't That a Shame #ksvbfmplaylist,8
Tharur is less brutal dan a Cong man put his wife in tandoor.shame on cong who advocate women rts n equality.eating n showing teeth r diff.,8
If you as an adult pin children against each other  choose favorites from a team  and deliberately leave children out shame on you.,8
it's especially always a shame to hear news of the passing of a fellow creative.,8
"\""Well I know it's a shame to come as close as we came just to shut the door. Starting over at the end of the line\""  -Gregg Allman  1947-2017",8
Beef festival in Kerala has been a great success. Shame that it had to be in the month of #Ramadan. Muslims could have joined in.,8
It would be SUCH a shame if a large tree fell on my car.,8
There is no shame in beginning again  for you get a chance to build bigger &amp; better than before.,0
things I should be doing\nsuch a beautiful list\nit would be a shame to\nchange it\nbest to leave it untouched,0
Trump is about to go like fox news in disgrace only problem is he has no shame.,8
Playing tony hawk underground and its a shame that there hasn't been a good tony hawk game in a long time,8
I feel so shame,8
Lowkey spending the night watching Deathnote and I have no shame,0
- Mmm... shame!\n\nHa  ha  ha! I love @Fleabag.,8
are they even fat. howre u gonna say fat shaming is worse than racism then fat shame and be racist about someones work. child.,8
Shame on me.,8
Me hate ninja issi. From the man see me a rd and a look me kmt. Me never so shame yet,8
Day 27  a big shame,8
It's Saturday night and I'm watching #HamiltonsAmerica from #PBS for the 11th time. If you try to shame me on this  I will cut you.,8
People love Satan and the Devil it's no shame anymore  every time a Satanist is hit the world entirely freezes goes into an emo frenzy!!,8
Fool me once shame on you but teach a man to fool me and I'll be fooled for the rest of my life,8
A real shame abt this movie when you think of the actors' hard work. At least it didn't completely go to waste: Cannes is good on a CV.,8
I truly don't think people understand the power of a coarse joke\/or the shame people feel being different especially racially.,8
#SamuraiJack Kill them  Jack! All of them bitches!!! Even though it's a damn shame that you spared one of them  show them was a true...,8
it's a shame you didn't keep it,8
I just crushed this bag of popcorn with no shame though.,0
Shame on you if you fool me once  shame on me if you fool me twice.,8
it's a shame you didn't keep it when you had it,8
Yeah  I kink-shame  but only the really dumb ones. There's an expectation to be interesting.,8
Modi is most round the world. But most people not eating food in India what's going on my country shame,8
Shame on KElectric. Power shutdown from last 7 hrs still continued. Even Sehri was without light.,8
can make any flower bloom with his smile  can easily put to shame any star with his bright smile,8
@StarSportsIndia what radiculous work you did star sports with your channels shame before it looks good star sports 1 ; 2 ; 3; 4,8
Some things are not important to know for others. \n\nThat is a shame. When a fire inside starts to grow  you will warm yourself regardless.,8
Me would a shame,8
makeup for it cus they put diamonds to shame  then imma get down and suck her toes.,8
You fight when you offended  it's a shame I got niggas they wanna try me  and I only and always speak the truth.,8
@SophyRidgeSky @Europarl_EN @POTUS It's a shame that the EU understands climate change so well but fails to understand people. #HalfAPicture,8
Nobody said it was easy\nIt's such a shame for us to part\nNobody said it was easy\nNo one ever said it would be this hard,8
We are having Ramadan but no electricity in our areya.... Everyday transformer burst up... Shame on government,8
Mi see the shame ponb har face,8
Ignorance is a shame,8
At the club thinkin bout pizza damn shame,8
In other words.. I know. Shame I'm faded rn,8
He said the way my blue eyes shined put those Georgia stars to shame that night,8
IF RANKIN SHAME ONE MORE TIME,8
; It's A Fuccin' Shame   We Both Running Game  ,8
@myogiadityanath What a shame! Not a single tweet for Ramzan. Kindly stop saying SabkaSathSabkaVikas.,8
@lurie_john Yes you did. It was truly thought provoking &amp; the freshest take on the horror genre in ages. If all you got was-not funny-shame.,8
60. No shame: in reality tv trash....real Housewives  below deck  big brother  amazing race  marriage boot camp....you name it I watch it,8
Oh my gosh mi hurt ..mi shame   mi everything fi rankin pumpin! my gosh! what the hell did i just see!?!?!? #MKQ10,8
"\""Hey mom just give me a call back  no big deal  just got a question about americas national shame  okay love you bye\""",8
Nothing pisses me off more than when my aunt tells everybody about my transgender sibling and how I shame him,8
Watching this show called The White Queen and its a shame how women had to get married to a man rather they wanted to or not.,8
Shame bae m*lum* looks good without facial hair. Not as good but good I'm surprised.,8
I'm all for change. It's a shame today so many are putting party in front of country,8
popular groups get put in the SM Shame Cube to atone for their sins,8
What a shame!! 30 000 Kashmiris take part in funeral procession of #SabzarBhat. All top terrorist commanders participate. Who's surprised.,8
Shame about the first goal too like  really should not of stood. Will get ignored though.,8
If you cannot fast  you must feed the poor. Shame on Muslims who give the poor some cheap quality food when they eat like kings. #Kindness,8
It's a shame that so many people  trying and failing is more so:,8
@ManiShankarIyer What a shameful person you are.Going to meet seperist of Kashmir who openly supporting pakistan.\nShame On You..,8
Literally just occurred to me I can sketch on paper as I watch show  this is what being almost exclusively digital does to u. Shameful,8
Shameful antinational activities by @kavita_krishnan @cpimspeak @INCIndia @OfficeOfRG supporting #Gaddars of nation. #DU #MSAwithHurriyat,8
"Them - Become so conscious and doesn't want to be told \""Ang taba mo na\""\nMe - Shameful when people told me \""Ang payat mo.\""",8
@Manekagandhibjp @narendramodi Shameful that Kerala women work 12 hours standing in Mall Textile etc.&amp; less toilet this need regulation,8
RUMSFELD PART OF THE SHAMEFUL ACTIONS OF INVADING A COUNTRY with just made up facts  rush to war costing American lives  families&amp;11trillion,8
i just realized the only time i ever enter a hot topic is with my girlfriend pls shame her w my love,8
Good morning Twitter  my name is Oluwaseyi. I'm a MC and I don't body-shame people with my threads. Kindly contact me for your events.,8
burn a man's fence once  shame on you\nburn a man's fence twice  shame on the fence,8
Oncle me once  shame on you - oncle me twice  shame on me,8
Proverbs 11:2 KJV\n[2] When pride cometh  then cometh shame: but with the lowly is wisdom.,8
"She is clearly fragile  fucked up and terrified of the media hounds. I'd say \""shame\""  but it'd be lost on you #schapellecorby",8
What a shame,8
I don't understand why some people have no shame or dignity. Do you not care that you're embarrassing tf out of yourself??,8
There is nothing that hurts like shame. #AfricanWisdom,8
Chelsea star Victor Moses should hang his head in shame,8
how can you shame fat shaming with more fat shaming? especially when you aren't...skinny? 2+2=9?,8
Don't ever let shame intimidate you out of your inheritance. The enemy only reminds you of your past because he is afraid of your future,8
@MaryamNSharif  shame on fraud on khi moterway  no help from help line moterway staff says this is drama,8
A shame. If you really were anything akin to me  perhaps we could have become friends.,8
Drunk without pizza  what a fucking shame,8
Yeyi ndibuyekile shame.,8
shame on me for changing  shame on you for staying the same,8
Y'all really do LOVE trying to shame folks for still living at home.... I wish I understood why?,8
Same Congress party first banned cow slaughter in #Maha and now publicly slaugters a cow in #kerala to protest it #shame #imposters,8
@TajinderBagga If cows had the right to vote den @OfficeOfRG  Congress wud have forgotten dalits and Muslims... Shame!,8
Help addicts. Don't shame them. Help addicts. Don't shame them. Help addicts. Don't shame them. Help addicts. Don't shame them.,8
She hate giving head? Oh god that's a shame.,8
I feel like the only way to get a girls attention is if you go out and party... and its a shame cause im not about that life,8
it's really a shame you can't play imessage games against yourself. then maybe i would win a game for once.,8
International community is silent on the brutalities of #Endia in #Kashmir.#Shame\n#Ramadan #RamzanMubarak #TaleOfTwoHeroes #YoumETakbeer,8
Shame on me,8
Shame  shame.,8
Such a shame seeing people youve grown up with heading down a bad path towards their future,8
shame people try &amp; steal Jaclyn's thunder bc they're jelly but that don't change if I'll buy her stuff or not.OF COURSE I WILL!@Jaclynhill,8
Shame on u shame on us,8
@FOX4 @Coppellisd  autistic senior student sexually abused by 3 classmates in a HS bathroom  then shame him sharing pictures on Snapchat.,8
"\""Hard work without talent is a shame  but talent without hard work is a tragedy.\"" - Robert Half",8
@Treyarch SHAME ON YOU I SWEAR full of  SHAME for selling the game in this region then making us not playing multiplayer at all #BlackOps3,8
it's a shame you didn't keep it,8
"\""Eck. Dunno how Ter can be near that man. He's a shame to men everywhere.\""",8
Fool me once  shame on you\nFool me twice\nShame on you,8
I feel sorry for you that you are afraid to love people.its a shame that you don't want to feel all your emotions at full capacity,8
these things need to be learned. there's no shame in ignorance as long as one is willing to learn.,0
Clive\n\nYou are a disgrace\n\nYou bring shame to your family and your country,8
As a sexual assault victim I can tell you that a large part of reluctance to report is shame. Feeling responsible.,8
TW. My new reality is so full of shame and regret. Every night a return to deep regrets and thoughts of mortality. \n\nScared of my own mind,8
"And not like \""white girls can't wear a messy bun everywhere\"" kind of shame",8
It's a shame how people in this country overlook Trudeau's abortion laws and support him for things as silly as looks. Utter-disgrace.,8
i mean  no shame though!!,8
Cannot listen to Explosions in the Sky anymore and it's a real shame.,8
God damn it..*sticks his sword in the ground then shakes his head in shame*,8
"...your dream to shame\"" I Dreamed a Dream S1E19 #Glee",8
nobody cya shame like rankin pumkin.. feel sorry 4 her,8
Shame on me,8
oh yeah bc i have no shame or pride when im drunk,8
#Tillerson SHAME ON YOU! Karma has a way of coming back..the people will come for you too! Resign before you look like a bigger idiot! LOSER,8
God bless Sean Hannity and shame on the Murdocks,8
The tragedy in life is that there is likely no god or soul &amp; it's a shame because it seems like a good idea.,8
Aap abhi Dhul mul baate kadineenada ji se sun saket hain  shame shame,8
I just smashed an entire box of Toaster Strudels and I have no shame,0
Anselmo Moreno went from arguably beating Abner Mares on US tv to forgetting so quickly. Shame  this fight with Ceja deserves more promo,8
A righteous man hates lying  But a wicked man is loathsome &amp; comes to shame. \nMIHO SlaysASAPStage,8
@usatodaysports Christine Brennan is awful.Shame on you for letting her slander good sports figures because of her political agenda.,8
seriously everynight i lay in bed and watch youtube for hours and feel no shame,0
The main enemy of blk ppl are blk ppl. Damn Shame!,8
No shame watching a fast and the furious movie right now. Have no idea which one  but I am on the edge of my seat&amp;I'm sad about Paul Walker.,8
Does not the gratitude of the dog put to shame any man who is ungrateful to his benefactors?\n\nKISSES ASAPSilverSaya,8
"If such is true that he called ppl from Minadanao as \""taong bundok\"" then Jim Paredes is a shame and disgrace to the Philippines!",8
My Blood boils to see the face of shameless Mani Shanker Aiyar meeting these Pak dalals. @incindia stripped naked beyond doubt. Shame,8
I'm a fuckin headass no shame tho,8
Makayawyaw murag unsa kahonorable. Ning take advantage ra ba ug drunk classmate. SHAME.,8
I'm a fuckin headass no shame though,8
@ZeeNews bade Sharm ki baat ki Ab Aapko akhilesh pratap se bhi comments lene pad rahe hain national news. Shame on znews.,8
There is no moral equivalence between the western invasion of muslim countries and Islamic extremism. Shame on those who argue otherwise.,8
My parents saw Brian Wilson perform Pet Sounds in its entirety without me. For shame.,8
shame none of hyo's dancers are girls,8
Im too embarrassed to pop my phone out of my pocket when Im chillin with somebody. Y'all just dont care. Be on it the entire time. No shame.,8
I can't stand a lying mf. Tell the truth and shame the devil.,8
Ramzan Mubarak to all!\nMay this month bring sense of shame to all those Muslims who hide under Hindu names\/IDs on twitter.\nCc @hindustanse,8
i have been watching Jim Carrey on YouTube for three hours and have no shame about it,8
People that died in Afghan attacks today are the luckiest because they died in this holy month. Shame on ISIS. #RAMADAN #PrayForAfganistan,8
It's such a shame knowing @newtownrlfc are connected with Cabra. Makes me sad knowing any player that plays for Cabra  ends their career!,8
@ZeeNews agar aap is Tarah gair jimmedaar comments aise gande akhilesh pratap jaise logon se comment le rahe hain aap aise aadmi se shame,8
Fiddlesticks has fat wrong shame ?,8
She aint ever gonna be what she thought she coulda been and thats a damn shame,8
Terminator 2 on Spike Channel. Its a shame the sequels following it couldn't recapture the magic that T2 Judgment Day had.,8
Skatta jus shame Yanique dwl #mkq10,8
too often I edit the texts I send after I send them. it's a real shame.,8
Shame public can't have vote of no confidence rather than choose from best of a bad bunch.,8
It's such a shame for us to part,8
back in the day.. people had too much pride to collect welfare . . now days people have no shame about living off others. smh,8
what a damn shame,8
Steak n Shame wit my playa 4 life,8
Hey @USAA when the public realizes you spend marketing dollars in pursuit of military veteran benefits  only to milk the FED. Shame on you,8
such a shame,8
It's 2017 and still some people shame women for talking about periods as if it's a crime like ain't no one getting up ur ass for breathing,8
Yall outta pockets for havin a game on a natl holiday Shame on all of u lol,8
It's a shame,8
not only did they make her a fat girl but they changed her ENTIRE body structure  to fucking shame people with wider frames. its disgusting,8
Youth Cong leader in #Kerala  publicly slaughters cow as mark of protest  says India Today. Followers of Gandhiji? Shame @MercyForAnimals,8
No shame,8
i kinda want some white boy dick :( dont kink shame me,8
@republic has now stooped so low that it has vowed to chase @ShashiTharoor to reveal d truth about d death of his wife  shame to Republic TV,8
Shame gets me so hyped I could punch through a wall,8
@JagguJaggu8 Raheel Khursheed  u r bastard  u spread ladies of ur family to become Head of Twitter India. U r such a mot**r f*c*er. SHAME U,8
No shame in supporting this campaign. This is for the good. #ThatsMyDate @1M_IntimateCare,8
XXXIII After a fixed her sister's youth  and only hope for shame!--To be speedy; and  to run the pleasantness of Edward here,8
Name &amp;shame on national TV each &amp;everyone smiling  molesting &amp;recording gleefully the video of the girl being molested in ur newsclip in UP,8
Where is CEO Group..Delicious for U (society) &amp; pain for me...No have shame Asshole...,8
@ZeeNewsHindi Name &amp;shame on national TV each &amp;everyone smiling  molesting &amp;recording gleefully the video of the girl being molested in UP,8
btw  friends  if you like the skate dads yuri son trope I won't shame you specifically because you are my friend and that is how that works,8
For fucking shame,8
Dont care if u are a fan since day 1 or just now as long as u don't shame our fandom and our idols.\n\nMy point is: do not be an imma fan.,8
I turn 21 in 17 days (birthday)  its just a shame im dying in 16 (did i tell you im taking the LSAT...),8
All ANCHORS  &amp; CHANNELS have taken SLEEPING PILLS   bcaz Nobody is talking about EXPLOSIONS OF ATOMIC BOMBS ON 28 MAY BY NAWAZ GOVT.SHAME..,8
The Saudi kings should make payments to the poor laborers because it is a shame  for them. The whole world laughs at them.,8
Its such a shame for us to part,8
who you choose to love &amp; don't choose  is your own prerogative. feel no guilt for your emotions. feel no shame for feeling the way you feel.,8
are people actually afraid to double text???? i will send 99 messages in a row and feel no shame whatsoever,8
"I was into Shea Moistures serum foundation but im realizing that it's actually too oily &amp; it \""bleeds\"". A shame bc I was rooting for the sis",8
How they talk as thry are polite\nBack intension always ru&amp;\nPeople are very rude\nBut without shame thry play and they show themselves polite,8
"It's a damn shame that shitty \""promoters\"" and wannabe \""publications\"" are dragging down what VA is working so hard to build.",8
There should be no shame because hygiene of your body is something that should be your proud.\n#ThatsMyDate\n@1M_IntimateCare,8
Dats Uh Dam Shame How Folks Be Kappn So Hard,8
It's literally a shame that @budlight doesn't taste like it does in STL. Y'all are the best in the home city.,8
I probably really am insane. And that's a shame.,8
@BetsyDeVos You are a fucking disgrace to the American education system. You should be fighting for education. Shame in you. #clueless,8
I don't feel any shame in the fact that the funniest joke I've ever told (and may ever tell) is not appropriate to share publicly..,8
I'm watching a fat black man fat shame fat black women....... NEXT CHANNEL.,8
Like my parents had no shame giving me spankings with a belt lol,8
While soldiers die for country @HeroMotoCorp is busy funding Pakistan through Ind-Pak cricket match. WHAT A SHAME!!,8
Home is where the shame is.,8
It's just a shame that more people weren't barred from cinemas showing Batman vs Superman.,8
Are the #leaks the right thing to do?\nNo. Is it necessary for the #truth?Yes.\nBut it's a shame that we can't trust those we #elect. #Resist,8
It's a damn shame you can't get Chinese in my area at 1:30am,8
.@DarrellIssa Shame on you for trying to fill your upcoming Town Hall with your friends.  We are who you work for and we will be there.,8
Dear girls feel proud in sharing your date and there should be no shame because that your date.\n#ThatsMyDate\n@1M_IntimateCare,8
Dear girls feel proud in sharing your date and there should be no shame because that your date.\n#ThatsMyDate\n@1M_IntimateCare,8
Dear girls feel proud in sharing your date and there should be no shame because that your date.\n#ThatsMyDate\n@1M_IntimateCare,8
canny believe me n jack dain the walk a shame doon lonend to watch somecunt bump our taxi hame right from under our noses  bealin,8
When people try to ridicule or shame me now  I think I dealt w\/ worst from people I loved long b4 I was as strong as I'm now  so who are you,8
Son went back into the bar and hugged up on the girl he talking to like she don't smell like the other 2 niggas she's letting hit. Shame.,8
the shame that follows immediately deleting a tweet when you know at least two people got the notif,8
USA may have healed from Trump but it'll never live down the shame of inaction in the face of public knowledge. It's sickening.,8
@imVkohli he is not above nation.Looking at current situation India should not play cricket wid Pak. @aajtak @ndtv @ZeeNews Have some shame,8
oh yeah fun fact about me guys  i love sci fi shows &amp; i have no shame :-))),8
Shame on you. I needed that gold to buy feed for Minerva. I could give her you instead  but the rotten flesh might not agree with her.,8
How can you sit there and collect money on a show about a fat child killing himself? Where's your sense of shame?,8
funny how people who smart shame are the ones who are always misinformed,8
Never was  and never will be. Have you no shame  don't you see me?,8
Fool me once: shame on me. Fool me twice: don't talk to me,8
don't fucking traditionalist shame me,8
@OfficeOfRG you are doing only darama in UP. Shame on your party.first you suspend @ManiShankarIyer .,8
what a shame,8
Fool me once  shame on you. Fool me twice  shame on me.,8
To show your stand  you are publicly slaughtering an innocent animal. Shame on you. Disgusting &amp; senseless.\n#beefban #Kerala #YouthCongress,8
"he looked \""shapeless\"" and it's such a shame",8
@Lrihendry so pretty but so stupid. Such  a shame,8
Why @YarRind2015 have to beat that young guy so brutally @UmairbabarKhan it's a real shame. One is rich &amp; powerful does not make it tight,8
I got a simple rule about everybody. If you don't treat me right - shame on you!\n\nKISSES ASAPSilverSaya,8
Chelsea is lovely at this time in the morning. Shame @MayorOfLondon &amp; @TfL have reduced trainsport this weekend to that of 3rd world country,8
Buu not joining is a shame. I would rather have him than Tien or Krillin even tho I like those guys. #DBSuper,8
They started with the sexual revolution because they didn't want to face the consequences or shame of being whores (male and female),8
So the guy I'm with at this party with is the worst bp partner. A damn shame,8
