@SayeedaWarsi watching you on Daily Politics is making me angry. You are an absolute disgrace.,1,,
Angry people on Twitter misunderstanding. That's why I got an account  to inform them that they were wrong.,7,,
there are entire accounts on instagram dedicated to snape and defending him . sometimes i read their posts and just get angry as hell,1,,
#ES_F 60 MIN Hourly Cycle to Impact 8 am CST-last few hrly cycles have had some significant effects (4\/16\/17 was the best with angry pink),5,,
fuck man if megahouse made a ging figure that looked like that i'd be so angry but you know i'd pre-order that shit day one. so yeah,1,,
"\""Traditional healers in Liberia say the nation is experiencing an economic crisis. [...] because ancestral spirits [...] are very angry.\""",0,,
Someone ate the fucking cupcake I got for my big bro &gt;8(\nI'm so angry,1,,
mayo is a furry and a tyrant. he started an angry mob against me,3,,
Now I'm angry!,1,,
About 5 angry #SB4 tweets composed &amp; then deleted this morning. So you can thank me. I'm just not in the mood to argue w\/ hateful ppl today.,0,,
my dad got angry at me for watching the get down,7,,
@virginmedia yet another day without internet and poor #customerservice quite a few angry customers here #virginmediasucks,1,,
Im angry with myself!!!!! ,1,,
Angry Again | Megadeth | Last Action Hero #megadeth #inthemood #nowplaying,1,,
Jack Bader has a gun an; is often angry,1,,
angry,1,,
Why does everyone hate on angry orchards? Lol,6,,
alone and angry crying about how constricting dams is on par with culture genocide,1,,
I ate one good meal today and got legitimately angry at my body when I got hungry again,1,,
Probably shouldn't started drinking at  5 when the last time I ate was noon.. angry elf,1,,
I act like i don't care but deep inside i am very angry from you !,1,,
Never speak harsh words For they will rebound upon you. Angry words hurt And the hurt rebounds. Like a broken gong.,4,,
Saturday morning really bad morning \nI lost my temper  wat next anger is never good \nI don't feel good after getting angry on something..,2, ,
I hate it when I get angry,1,,
Rei and Mikila can really make me angry sometimes.,1,,
There will be so many people angry but there will be the part of the fandom that even sad will understand the situation,7,,
y'all sleep on 12 angry men that is a great film,5,,
"I made my dad angry :\""\""\"")",1,,
Hee. You seem angry.,1,,
Really angry.,1,,
Literally all my emotions right now is scared  sad  angry and disappointed.,1,,
From Heaven they fabled  thrown by angry Jove,1,,
I'm honestly so angry. I hate people,1,,
Angry syrup queen,1,,
Dirty ambition person will not successful in Long run. Example pavurala gutta tragedy. Every one has to go but not with 6 crore public angry,0,,
Just read an article that talked about instagram influencers as a job! Is that real? Am now angry &amp; confused for some reason.,1,,
I appreciate the kindness in people. We live in an angry society  not much good is left in others now.,7,,
Men need to stop telling women with a resting bitch face that they look angry &amp; should smile. We don't care &amp; we don't want to smile at you.,1,,
Two hours into #Beevers Battle for Spain and already angry.,1,,
Also: they are going to get angry at you  because they don't understand your struggle  and they don't care enough to try to help.,7,,
I lived in Wisconsin for 7 years. Any diet\/lifestyle that requires me to give up dairy immediately makes me angry. Like hide ya kids angry.,1,,
Okay. Done. And I'm home. No more angry rants.,6,,
This deaf baby hearing for the first time is nice  but the people getting angry over it make me want to die twice as much,2,,
I'm getting sooooo angry! #HouseRules,1,,
So na Uber dey cause anger on Twitter today. Always angry Twitter will never die.,1,,
Don't ignore someone u care about bc lack of concern hurts more than angry words(Dainty~),7,,
i forgot my highlight i'm so angry,7,,
Makes me sad and angry and a bunch of other emotions all at the same time.,7,,
When God seems distant  you may feel that he is angry with you or is disciplining you for some sin.,7,,
I remember when it was 6 and I was asleep and not angry,0,,
Not going to analyze a split-second play in slo-mo. Too angry to think about that. I'm more disgusted by the people that are happy he's gone,2,,
If my fellow Man Utd fans did the same thing i'd be at least twice as angry  disgusted and ashamed!,1,,
Saw a video of french far right cunts burning and stepping on a rainbow flag today and it's made me so angry how's your morning?,1,,
For every minute you are angry you lose sixty seconds of happiness. - Ralph Waldo Emerson,7,,
Twitter is on edge already this morning... almost violent.  Virtual Hunger Games.  Y'all are some angry fucks.  Love it.,6,,
I be angry asf in the morning.,1,,
You're in Dr F's lab. There is an angry letter on the back of a tortoise.,1,,
I wake up angry because I wake up alone lol,6,,
IM angry...,1,,
i accidentally sent my angry version of the text just when i'm about to edit ittttt ugh my god,7,,
Your smile is contagious  no matter how angry or sad I am  all I need is to take one look at your smile and everything is better.,5,,
My motivation is just gone right now but if I don't finish them my mom will get so angry.,3,,
I am legitimately so angry lately,1,,
That makes me angry against the Spanish.,1,,
Andrew Jackson would have been angry and never let the Civil War happen? Sounds right. Why would a plantation and slave owner end slavery?,0,,
I asked her why she would expect to be beaten by her husband just cos he's angry or got a wrong information? She said cos he's a man,7,,
If you are right then there is no need to get angry\n\nAnd if you are wrong then you don't have any right to get angry\n\n..except with yourself,0,,
I don't like to be angry because when i am  there's nothing you can do. \nThat's why i like to pretend  i am okay,0,,
I'M AWAKE AND ANGRY AND WE'RE HERE NOW,1,,
People who never cared about genocide denial are now angry about revisionism of Civil War  but historical revisionism has been happening.,1,,
Haru getting angry about not knowing the name of the cereal is srsly funny but heartwarming...continue to grow beautifully #HappyHaruDay,6,,
I am voting for @justinbieber as Top Social Artist in the #BBMAs #JustinBBMAs You gotta go and get angry at all of my honesty,5,,
Im laughing bc of the fans that get so angry and possessive when an idol is talking to a girl like its not your life and your decisions stfu,6,,
#Libra's dont get angry very quickly.,7,,
Women need to drop this mentality that their husbands are allowed to hit them just cos they did wrong or cos he's angry,5,,
feeling angry,1,,
Sica cries when she's angry #Fact,5,,
Man  so angry?,0,,
@narendramodi pls ask your ministers not to repeat kadi ninda. We are angry nothing short of physical retribution is acceptable,1,,
President Andrew Jackson saw @realDonaldTrump coming and was angry. Would never have let it happen! #AlternativeHistory,1,,
Get angry at all my honesty,1,,
There's nothing that makes me angry like CANDY CRASH,1,,
i've been angry about this arc since house of hades and i'll be angry about it until the day i die,1,,
Ugghhhhhh I'm angry =_=,1,,
Thanks Angry Voters your protest vote was awesome #100daysofpuregarbage,9,,
I'm so angry. I'm so fucking angry,1,,
i woke up angry and frustrated,1,,
A TEACHER JUST YELLED OI! RLY ANGRY IN THE CORRIDOR AND I GOT SUCH A FRIGHT,1,,
I'm sorry I got angry and said a lot of things I mean but shouldn't have said. #sorry #sorrynotsorry,4,,
lolnmy dad got super angry at me for not eating his boring pasta... shit got no cheese or garlic,6,,
Do you hear the #budgies sing  singing the song of angry birds. It is the music of the budgies who do want their tub again #LesMis #birdbath,0,,
I get angry real quick  and simmer down quick too.,7,,
I left the classroom right after they started talking shit about it cuz i didn't wanted to get angry,2,,
This is definitely NOT the way to go when it comes to educating people. Yes we are angry. But anger does not need to translate into abuse.,1,,
ay good day i'm angry,1,,
Left wing people are so quick to name call and get angry. Absolute belief in their view - thankfully I don't give a fuck right or left.,2,,
I'm not livid or angry. Just stating facts.,0,,
President Donald Trump  who was born 81 years after the Civil War  heard about it and was angry. Would never have let it happen!,9,,
I think it's time to find myself a new career path.. I've become too angry taking IT support calls  simple things kill me.. maybe I'll blog.,1,,
"\""My team lost and I am angry\""",1,,
Shit Vance IS sexy when he's angry,6,,
Reizo is scary when he's angry...,3,,
I hate my nerves. Makes me guilty everytime i'm angry.,2,,
Andrew Jackson was very angry at who shot JR #TrumpTeachesHistory,1,,
So. If you ever get angry or upset with someone  remember it's your rules that are upsetting you. Not their behavior,7,,
Ran out of coffee so yennno I'm just going to work angry,1,,
The key to that is to make things with the frustrated and angry energy you get from that embarrassment. Produce something that is yours.,5,,
Hmm. Been a long time since I got this angry on Twitter and roasted people. \nIt's a sign... I HAVE RUN OUT OF ALCOHOL.,1,,
Largely bc I've spent most of this morning writing emails &amp; being angry,1,,
My son wakes up so angry lol,6,,
Errr why is Anya so angry all the time? Maybe if we go out for pasta she'll feel better nya!,5,,
finland has a bigger population than norway yet we are treated like this everytime i'm angry,1,,
FRIG  you know how the canon of underground is Bam Margera died? What if that made Knoxville so angry he formed an anti-tony rebel movement,5,,
Not sure who gave Travis Rudolph bad advice but it makes me angry.,1,,
so angry,1,,
watching The Angry Birds Movie,5,,
silently very angry,1,,
LITERALLY NOTHING MAKES ME MORE ANGRY THAN WHEN MY FAMILY TAKES MY LEFTOVERS I WAS PLANNING TO HAVE FOR LUNCH,1,,
tbh im so tired and annoyed im so angry and sleepy ya allah,1,,
Watching Blair on the steps of Downing Street in '97 makes me angry. I was so happy after all the years of Thatcherism. Little did I know...,6,,
Traffic makes me so fucking angry,1,,
Im so fuckin angry,1,,
Now Cesaro is the angry one and Sheamus is the funny one. #WWERaw,5,,
The MSM wonders why DJT still so angry that PBO 'tapped' him. What if you replaced the word 'tapped' with the word 'CAUGHT'... Now replay...,5,,
Lol. Yer Ma is angry. Let me run to yer Da,6,,
@anthonyfjoshua Why do you always look angry after a fight? doing press conference. I just want to know. If is okay for you?,5,,
If you are right then there is no need to get angry\n\nAnd if you are wrong then you don't have any right to get angry\n\n..except with yourself,0,,
I honestly don't know what's so hard about being polite and well mannered tho. U bitches be so angry all the time,2,,
@Bhuvan_Bam bro angry masterji ka aur koi episode aayega?,5,,
My twitter day is incomplete until I see the single  middle aged  angry because mammy forgot to buy Frosties  man tweet.,7,,
To the angry and hateful: Everyone who attends church is just like you a sinner and you're not the Judge of the weight or worth of sin.,0, ,
Time for sleep now. Im still not calm. Trans kids progress set back today and it's heartbreaking and I have angry frustrated tears.,1,,
Can't tell you how many times friends have tagged me on pictures of tiny  adorable  angry animals with the caption,0,,
I am voting for BTS for TOP SOCIAL ARTIST at the #BBMAs. RT to vote! #BTSBBMAs angry,5,,
"\""Trump's 100th\"" I find myself feeling more &amp; more angry at Trump voters &amp; the GOP for their part in creating this disaster of a presidency.",1,,
@TigerAir I have been on hold for 20 mins. Ive calld 5 different phone numbers and sent in circles. Your website doesnt work. I am so angry!,1,,
But there is probable that it was equally angry.,0,,
Did you really think I'd fall for a trick as simple as getting angry and walking right into my trap?,0,,
Hello  I'm down here now! And I'm very angry for reasons I'm about to explain! Ta-daaah!,1,,
I used to hold my phone from falling and I accidentally pressed like button for so long and clicked the angry one! Gaaaaaaahd I hate drugs.,9,,
Anyone angry at the squad announcement needs a reality check  need a revamp  far to much deadwood in the squad! Have to look forward! #ncfc,9,,
It's so fucking annoying how angry depressed people accept no help at all but keep complaining about getting no help,2,,
i'm angry that i have like 5 zine ideas and they're all pretty solid but i don't have time to do all of them,1,,
"I forgot mine today  and in the past when I've sat up front  the conductor has been angry but this guy's like  \""It was a monthly? Ok",1,, 
It's really not the best time to make decision when youre angry. Trust me bro youre gonna regret it.,0,,
@KUT I hope Le Pens advisor realizes how angry people are with Trump,7,,
#Leo's are only angry and upset for a short time. Soon they will be back a cheery merry person again.,0,,
Angry with life.,1,,
"My friend thought i said im depressed and got angry with me and said \""STFU youre not depressed\"" in an annoyed way. Little does he know...",1,,
#Aries do get angry quickly  but most times it's out of frustration.,1,,
Can y'all imagine the amount of excuses you wouldn't have if a man was angry he's having a daughter,0,,
